frame;detected_all;matched_all;total_ms_all;detect_ms_all;match_ms_all;detected_0;matched_0;total_ms_0;detect_ms_0;match_ms_0;detected_1;matched_1;total_ms_1;detect_ms_1;match_ms_1;detected_2;matched_2;total_ms_2;detect_ms_2;match_ms_2;detected_3;matched_3;total_ms_3;detect_ms_3;match_ms_3;
0;799;0;175.359;175.359;065;0;139.474;139.474;0;243;0;13.878;13.878;0;241;0;10.831;10.831;0;250;0;11.176;11.176;0;
1;826;471;63.872;46.595;17.27788;37;17.905;14.871;3.034;245;134;18.628;12.443;6.185;243;145;12.105;8.118;3.987;250;155;15.234;11.163;4.071;
2;808;520;47.713;36.422;11.29168;51;9.346;7.851;1.495;248;155;12.033;8.921;3.112;242;159;12.723;9.171;3.552;250;155;13.611;10.479;3.132;
3;814;507;52.298;38.955;13.34375;45;9.082;7.578;1.504;245;159;12.271;9.053;3.218;244;148;14.54;10.024;4.516;250;155;16.405;12.3;4.105;
4;812;491;70.373;46.659;23.71474;43;11.815;10.236;1.579;245;154;19.794;14.582;5.212;243;144;25.153;11.414;13.739;250;150;13.611;10.427;3.184;
5;809;466;46.845;35.488;11.35775;37;10.151;8.702;1.449;243;140;12.562;8.139;4.423;241;147;11.92;8.708;3.212;250;142;12.212;9.939;2.273;
6;800;475;82.716;65.649;17.06765;34;16.26;14.252;2.008;240;144;22.756;17.6;5.156;245;145;20.334;15.627;4.707;250;152;23.366;18.17;5.196;
7;802;463;49.042;37.848;11.19465;35;8.691;7.712;0.979;242;135;15.348;10.983;4.365;245;142;12.184;8.975;3.209;250;151;12.819;10.178;2.641;
8;782;472;60.013;41.941;18.07245;22;11.313;6.427;4.886;244;152;17.313;12.621;4.692;243;148;15.329;10.794;4.535;250;150;16.058;12.099;3.959;
9;768;477;58.812;44.947;13.86529;15;9.873;8.888;0.985;242;144;15.894;12;3.894;247;152;16.415;11.625;4.79;250;166;16.63;12.434;4.196;
10;763;464;68.523;54.202;14.32136;14;15.736;14.313;1.423;239;142;22.598;17.102;5.496;238;146;14.671;10.251;4.42;250;162;15.518;12.536;2.982;
11;770;471;54.825;40.415;14.4138;20;9.696;8.664;1.032;241;153;11.658;8.361;3.297;241;141;13.748;8.593;5.155;250;157;19.723;14.797;4.926;
12;771;440;42.145;32.078;10.06744;18;10.378;9.13;1.248;242;139;11.825;8.358;3.467;235;128;8.784;5.955;2.829;250;155;11.158;8.635;2.523;
13;753;443;32.316;24.939;7.37733;21;6.437;5.94;0.497;241;138;6.844;4.782;2.062;229;125;6.657;4.613;2.044;250;159;12.378;9.604;2.774;
14;731;451;49.248;38.322;10.92630;17;8.727;8.026;0.701;241;153;13.78;9.692;4.088;210;119;12.927;9.989;2.938;250;162;13.814;10.615;3.199;
15;752;448;39.482;29.335;10.14734;14;6.363;5.677;0.686;239;145;10.22;7.099;3.121;229;123;11.81;8.304;3.506;250;166;11.089;8.255;2.834;
16;753;444;59.015;44.054;14.96137;20;11.503;10.325;1.178;243;152;15.818;11.455;4.363;223;120;15.07;10.807;4.263;250;152;16.624;11.467;5.157;
17;763;460;62.572;48.388;14.18449;22;11.646;10.013;1.633;239;153;15.973;11.657;4.316;225;131;15.556;11.455;4.101;250;154;19.397;15.263;4.134;
18;768;466;56.03;43.726;12.30445;29;12.567;10.764;1.803;242;157;17.882;13.266;4.616;231;125;14.202;10.954;3.248;250;155;11.379;8.742;2.637;
19;786;478;66.518;52.786;13.73255;29;12.843;11.543;1.3;243;139;21.349;16.203;5.146;238;139;16.771;12.952;3.819;250;171;15.555;12.088;3.467;
20;778;495;85.724;66.993;18.73151;30;15.056;13.397;1.659;242;153;24.374;19.132;5.242;235;152;23.992;16.885;7.107;250;160;22.302;17.579;4.723;
21;772;461;57.399;46.047;11.35246;29;12.979;10.995;1.984;242;139;19.706;15.914;3.792;234;137;12.608;9.209;3.399;250;156;12.106;9.929;2.177;
22;796;463;34.504;26.673;7.83167;35;6.59;5.67;0.92;245;131;7.014;4.804;2.21;234;141;7.304;4.646;2.658;250;156;13.596;11.553;2.043;
23;805;487;60.495;40.991;19.50465;45;8.17;6.277;1.893;247;148;18.832;13.094;5.738;243;138;20.78;12.643;8.137;250;156;12.713;8.977;3.736;
24;801;499;59.106;46.341;12.76562;42;12.335;10.715;1.62;242;155;16.088;11.769;4.319;247;151;16.548;12.765;3.783;250;151;14.135;11.092;3.043;
25;787;471;67.723;49.306;18.41750;30;11.078;8.777;2.301;244;146;18.987;13.63;5.357;243;147;17.072;11.756;5.316;250;148;20.586;15.143;5.443;
26;792;472;41.713;31.446;10.26756;33;6.263;5.409;0.854;241;135;7.938;5.511;2.427;245;153;13.585;9.789;3.796;250;151;13.927;10.737;3.19;
27;802;460;36.501;27.994;8.50767;27;7.242;5.984;1.258;243;139;10.065;7.548;2.517;242;141;9.187;6.961;2.226;250;153;10.007;7.501;2.506;
28;786;463;39.193;29.73;9.46349;30;11.117;8.824;2.293;241;133;11.28;8.46;2.82;246;148;7.773;5.362;2.411;250;152;9.023;7.084;1.939;
29;798;453;68.542;48.984;19.55858;25;12.313;9.218;3.095;246;137;22.094;14.92;7.174;244;137;17.54;12.895;4.645;250;154;16.595;11.951;4.644;
30;803;472;74.615;57.392;17.22365;32;13.959;11.444;2.515;245;140;22.464;16.923;5.541;243;142;15.663;10.991;4.672;250;158;22.529;18.034;4.495;
31;806;465;76.126;59.88;16.24672;37;17.784;14.814;2.97;245;137;22.908;18.173;4.735;239;135;20.277;15.035;5.242;250;156;15.157;11.858;3.299;
32;804;473;32.093;23.696;8.39769;41;4.94;4.119;0.821;243;135;7.424;4.952;2.472;242;142;9.367;7.031;2.336;250;155;10.362;7.594;2.768;
33;815;463;48.987;37.861;11.12676;38;11.485;9.751;1.734;246;125;13.144;9.913;3.231;243;138;12.019;9.066;2.953;250;162;12.339;9.131;3.208;
34;802;456;79.215;60.328;18.88765;39;16.787;14.246;2.541;245;130;25.065;18.559;6.506;242;131;20.576;15.236;5.34;250;156;16.787;12.287;4.5;
35;821;477;35.592;26.647;8.94571;41;8.329;6.546;1.783;250;142;9.811;7.259;2.552;250;139;8.742;6.251;2.491;250;155;8.71;6.591;2.119;
36;819;473;65.299;49.861;15.43871;39;13.929;11.775;2.154;250;137;23.214;17.513;5.701;248;139;15.357;11.422;3.935;250;158;12.799;9.151;3.648;
37;805;472;67.878;49.12;18.75857;36;11.699;10.015;1.684;248;130;18.222;12.279;5.943;250;154;19.223;13.486;5.737;250;152;18.734;13.34;5.394;
38;816;464;70.618;54.38;16.23868;33;13.401;11.436;1.965;248;127;18.024;13.145;4.879;250;147;19.23;13.924;5.306;250;157;19.963;15.875;4.088;
39;816;496;41.505;30.005;11.568;40;5.605;4.669;0.936;248;143;8.34;6.076;2.264;250;157;11.186;7.209;3.977;250;156;16.374;12.051;4.323;
40;806;490;64.385;50.185;14.258;36;12.857;11.115;1.742;248;131;17.965;12.726;5.239;250;150;21.001;17.024;3.977;250;173;12.562;9.32;3.242;
41;806;442;68.164;51.809;16.35564;35;11.216;9.508;1.708;243;114;17.037;12.483;4.554;249;140;20.254;14.787;5.467;250;153;19.657;15.031;4.626;
42;799;415;77.904;53.016;24.88860;31;14.423;12.298;2.125;239;109;18.474;13.702;4.772;250;145;16.166;11.203;4.963;250;130;28.841;15.813;13.028;
43;814;497;74.773;56.783;17.9969;44;12.772;10.231;2.541;246;133;17.918;12.454;5.464;249;148;23.675;17.961;5.714;250;172;20.408;16.137;4.271;
44;807;480;80.987;61.703;19.28473;37;13.912;11.542;2.37;243;133;25.628;18.533;7.095;241;157;22.473;17.601;4.872;250;153;18.974;14.027;4.947;
45;820;461;75.22;52.94;22.2872;39;14.177;12.259;1.918;248;131;24.47;15.609;8.861;250;141;19.66;13.358;6.302;250;150;16.913;11.714;5.199;
46;812;467;72.193;53.623;18.5773;41;12.659;10.75;1.909;243;138;19.662;14.472;5.19;246;146;18.934;14.193;4.741;250;142;20.938;14.208;6.73;
47;794;488;75.175;58.448;16.72752;32;15.273;13.541;1.732;247;137;19.264;14.149;5.115;245;156;17.054;12.605;4.449;250;163;23.584;18.153;5.431;
48;794;445;86.904;65.027;21.87755;27;17.123;13.32;3.803;239;122;20.178;15.236;4.942;250;143;26.521;17.967;8.554;250;153;23.082;18.504;4.578;
49;795;456;79.907;62.551;17.35653;27;17.427;15.257;2.17;245;127;22.962;17.592;5.37;247;149;18.906;14.265;4.641;250;153;20.612;15.437;5.175;
50;810;467;77.717;62.194;15.52368;38;15.758;14.025;1.733;242;130;21.571;16.979;4.592;250;148;20.81;15.98;4.83;250;151;19.578;15.21;4.368;
51;825;480;68.942;51.465;17.47780;43;10.483;8.626;1.857;246;136;18.055;13.564;4.491;249;147;20.926;14.57;6.356;250;154;19.478;14.705;4.773;
52;820;474;68.88;51.28;17.681;49;11.743;9.517;2.226;239;125;17.063;12.462;4.601;250;150;18.272;12.23;6.042;250;150;21.802;17.071;4.731;
53;834;461;69.999;53.027;16.97295;45;12.168;9.889;2.279;240;125;19.468;14.804;4.664;249;145;15.912;11.1;4.812;250;146;22.451;17.234;5.217;
54;825;473;80.189;61.29;18.89980;51;15.31;12.818;2.492;245;131;20.02;14.887;5.133;250;138;21.725;15.956;5.769;250;153;23.134;17.629;5.505;
55;820;471;67.807;50.947;16.8675;47;14.743;12.618;2.125;245;126;17.514;11.904;5.61;250;152;18.932;14.42;4.512;250;146;16.618;12.005;4.613;
56;811;464;66.453;50.481;15.97271;38;13.534;11.742;1.792;240;127;15.548;10.697;4.851;250;146;17.49;12.526;4.964;250;153;19.881;15.516;4.365;
57;813;452;58.271;42.305;15.96676;42;11.265;9.324;1.941;237;121;15.041;10.463;4.578;250;147;15.028;10.755;4.273;250;142;16.937;11.763;5.174;
58;820;479;69.954;52.48;17.47480;42;11.905;10.048;1.857;240;123;19.571;14.34;5.231;250;160;17.633;12.197;5.436;250;154;20.845;15.895;4.95;
59;812;478;64.904;48.752;16.15270;43;11.808;9.597;2.211;242;128;16.933;12.14;4.793;250;147;15.812;11.095;4.717;250;160;20.351;15.92;4.431;
60;814;453;62.692;47.01;15.68271;31;10.313;8.359;1.954;243;122;14.459;10.186;4.273;250;155;17.45;12.611;4.839;250;145;20.47;15.854;4.616;
61;820;472;62.776;46.57;16.20680;40;12.198;9.633;2.565;240;120;17.84;13.531;4.309;250;154;16.667;11.772;4.895;250;158;16.071;11.634;4.437;
62;805;466;63.041;48.559;14.48264;42;12.938;11.371;1.567;241;122;15.086;10.728;4.358;250;143;17.044;12.616;4.428;250;159;17.973;13.844;4.129;
63;806;465;62.308;45.05;17.25869;34;11.527;9.665;1.862;237;128;13.863;9.702;4.161;250;159;17.792;10.917;6.875;250;144;19.126;14.766;4.36;
64;788;466;76.905;54.538;22.36754;33;12.006;9.193;2.813;234;122;18.996;11.901;7.095;250;159;20.433;15.814;4.619;250;152;25.47;17.63;7.84;
65;794;477;77.391;61.713;15.67853;31;13.61;12.178;1.432;241;134;19.208;15.351;3.857;250;150;23.92;18.119;5.801;250;162;20.653;16.065;4.588;
66;808;466;64.773;46.036;18.73769;32;13.852;10.589;3.263;239;121;16.986;11.72;5.266;250;145;16.293;11.262;5.031;250;168;17.642;12.465;5.177;
67;795;459;68.59;49.852;18.73859;33;13.499;10.726;2.773;236;135;17.507;11.962;5.545;250;138;16.366;10.553;5.813;250;153;21.218;16.611;4.607;
68;814;452;69.991;49.162;20.82972;36;11.164;8.553;2.611;242;129;16.732;11.746;4.986;250;142;22.118;14.069;8.049;250;145;19.977;14.794;5.183;
69;822;458;71.961;53.631;18.3382;44;16.07;13.37;2.7;242;132;21.973;15.792;6.181;248;137;17.478;12.382;5.096;250;145;16.44;12.087;4.353;
70;797;474;76.44;58.064;18.37659;40;15.733;13.708;2.025;238;130;21.751;16.449;5.302;250;150;20.172;13.598;6.574;250;154;18.784;14.309;4.475;
71;785;470;74.392;55.936;18.45656;30;12.991;11.561;1.43;229;133;14.782;10.492;4.29;250;147;23.766;17.326;6.44;250;160;22.853;16.557;6.296;
72;805;475;71.03;53.432;17.59864;39;11.191;9.544;1.647;241;130;15.054;10.492;4.562;250;146;22.322;15.748;6.574;250;160;22.463;17.648;4.815;
73;804;466;64.271;48.111;16.1661;36;15.066;13.39;1.676;243;139;16.504;12.135;4.369;250;144;16.658;10.834;5.824;250;147;16.043;11.752;4.291;
74;797;449;61.367;46.304;15.06365;32;10.819;9.16;1.659;236;125;13.831;9.888;3.943;246;143;19.417;14.539;4.878;250;149;17.3;12.717;4.583;
75;795;463;57.191;42.808;14.38363;37;10.298;8.595;1.703;238;133;15.231;11.436;3.795;244;145;14.787;10.762;4.025;250;148;16.875;12.015;4.86;
76;790;410;53.961;38.982;14.97967;30;9.835;8.266;1.569;233;123;14.609;10.445;4.164;240;128;14.328;9.692;4.636;250;129;15.189;10.579;4.61;
77;788;457;60.749;45.697;15.05257;37;12.891;11.046;1.845;237;133;14.751;10.128;4.623;244;141;16.157;11.811;4.346;250;146;16.95;12.712;4.238;
78;795;461;64.246;47.357;16.88963;34;14.182;11.926;2.256;239;125;19.286;14.624;4.662;243;143;14.778;10.083;4.695;250;159;16;10.724;5.276;
79;806;459;61.235;46.394;14.84172;40;14.215;12.459;1.756;239;139;17.822;13.675;4.147;245;142;14.098;9.737;4.361;250;138;15.1;10.523;4.577;
80;789;436;58.25;44.323;13.92763;31;11.868;10.14;1.728;237;127;15.39;11.241;4.149;239;137;15.298;11.288;4.01;250;141;15.694;11.654;4.04;
81;813;438;65.415;50.926;14.48973;29;13.912;12.059;1.853;244;135;18.662;14.808;3.854;246;132;14.498;10.491;4.007;250;142;18.343;13.568;4.775;
82;829;468;66.255;47.851;18.40488;43;12.827;10.911;1.916;243;142;17.743;13.452;4.291;248;137;18.204;12.024;6.18;250;146;17.481;11.464;6.017;
83;815;393;57.431;38.912;18.51976;40;10.197;8.181;2.016;244;125;15.287;9.561;5.726;245;111;15.115;10.162;4.953;250;117;16.832;11.008;5.824;
84;812;503;53.368;38.24;15.12874;46;10.291;8.575;1.716;240;142;13.753;9.603;4.15;248;152;14.124;9.226;4.898;250;163;15.2;10.836;4.364;
85;837;497;68.538;51.007;17.53194;48;12.092;9.617;2.475;248;147;19.474;14.199;5.275;245;149;18.554;13.959;4.595;250;153;18.418;13.232;5.186;
86;835;507;60.98;44.784;16.19691;47;14.247;12.094;2.153;246;150;16.471;11.891;4.58;248;149;15.438;10.561;4.877;250;161;14.824;10.238;4.586;
87;821;494;70.271;54.216;16.05581;47;14.542;12.591;1.951;246;154;20.249;15.384;4.865;244;159;15.845;11.414;4.431;250;134;19.635;14.827;4.808;
88;836;487;58.483;42.276;16.20793;39;10.799;8.583;2.216;246;145;16.417;11.453;4.964;247;159;15.403;10.878;4.525;250;144;15.864;11.362;4.502;
89;823;460;59.693;44.181;15.51281;44;10.349;8.445;1.904;243;132;19.06;14.597;4.463;249;144;14.759;10.235;4.524;250;140;15.525;10.904;4.621;
90;818;451;68.95;45.712;23.23877;39;11.144;9.191;1.953;242;127;16.787;11.114;5.673;249;146;15.761;10.464;5.297;250;139;25.258;14.943;10.315;
91;826;482;77.098;53.201;23.89780;39;16.851;13.375;3.476;248;143;25.853;17.319;8.534;248;158;18.597;11.782;6.815;250;142;15.797;10.725;5.072;
92;812;477;72.055;52.258;19.79773;43;17.6;13.675;3.925;245;132;18.41;13.865;4.545;244;151;16.77;12.299;4.471;250;151;19.275;12.419;6.856;
93;819;463;74.382;54.862;19.5274;39;18.35;14.845;3.505;247;137;21.207;15.425;5.782;248;154;17.355;12.388;4.967;250;133;17.47;12.204;5.266;
94;805;481;63.718;47.663;16.05578;44;11.989;9.921;2.068;238;146;19.629;15.427;4.202;239;150;15.224;10.567;4.657;250;141;16.876;11.748;5.128;
95;838;485;59.437;42.124;17.31395;51;12.118;9.804;2.314;247;151;16.234;11.234;5;246;144;14.575;9.746;4.829;250;139;16.51;11.34;5.17;
96;847;472;62.279;43.235;19.044104;54;10.488;8.349;2.139;246;139;15.14;10.548;4.592;247;142;16.382;9.582;6.8;250;137;20.269;14.756;5.513;
97;835;459;69.617;48.279;21.33899;49;11.405;8.849;2.556;243;134;21.631;16.539;5.092;243;133;20.008;12.257;7.751;250;143;16.573;10.634;5.939;
98;818;459;63.515;44.046;19.46984;49;10.823;8.476;2.347;243;122;16.176;10.871;5.305;241;136;19.615;12.173;7.442;250;152;16.901;12.526;4.375;
99;831;445;67.488;50.313;17.17595;47;12.398;9.86;2.538;243;114;22.118;15.97;6.148;243;134;17.445;13.574;3.871;250;150;15.527;10.909;4.618;
100;813;446;70.04;53.471;16.56985;49;16.895;14.159;2.736;248;120;22.451;17.471;4.98;230;126;15.682;11.142;4.54;250;151;15.012;10.699;4.313;
101;837;445;64.244;45.897;18.34798;46;12.277;9.018;3.259;249;124;20.41;15.318;5.092;240;132;15.884;11.281;4.603;250;143;15.673;10.28;5.393;
102;833;466;52.837;36.783;16.054106;52;10.501;7.675;2.826;241;128;14.404;9.838;4.566;236;140;13.615;9.401;4.214;250;146;14.317;9.869;4.448;
103;815;438;60.349;45.427;14.92286;42;13.982;11.918;2.064;244;120;14.816;10.445;4.371;235;131;13.456;9.286;4.17;250;145;18.095;13.778;4.317;
104;825;459;61.485;45.321;16.16494;53;12.242;10.056;2.186;242;130;16.99;12.11;4.88;239;130;14.541;10.26;4.281;250;146;17.712;12.895;4.817;
105;848;502;58.457;42.032;16.425120;56;12.541;9.78;2.761;246;139;15.608;11.092;4.516;236;148;14.314;10.096;4.218;246;159;15.994;11.064;4.93;
106;825;490;63.172;46.908;16.264100;58;10.485;8.122;2.363;241;134;17.698;13.117;4.581;234;141;17.378;13.204;4.174;250;157;17.611;12.465;5.146;
107;816;480;68.153;50.69;17.46393;50;15.417;12.513;2.904;241;136;19.584;15.156;4.428;232;137;16.516;11.715;4.801;250;157;16.636;11.306;5.33;
108;820;467;62.803;44.126;18.67799;50;12.381;9.152;3.229;244;134;19.024;14.263;4.761;227;134;14.983;10.255;4.728;250;149;16.415;10.456;5.959;
109;830;507;57.185;40.668;16.517102;64;11.721;9.446;2.275;243;141;14.457;10.418;4.039;235;143;14.981;9.975;5.006;250;159;16.026;10.829;5.197;
110;837;505;67.391;50.35;17.041104;57;14.772;12.348;2.424;246;143;17.162;11.8;5.362;237;151;17.148;12.53;4.618;250;154;18.309;13.672;4.637;
111;816;493;79.635;61.171;18.46487;51;17.298;13.653;3.645;242;147;23.755;18.61;5.145;237;149;18.33;13.419;4.911;250;146;20.252;15.489;4.763;
112;831;507;70.575;52.099;18.47698;50;9.946;8.045;1.901;242;145;15.12;11.184;3.936;241;147;19.289;15.325;3.964;250;165;26.22;17.545;8.675;
113;823;488;68.088;50.011;18.07798;54;14.449;12.451;1.998;243;135;20.554;15.671;4.883;232;149;15.246;10.496;4.75;250;150;17.839;11.393;6.446;
114;827;487;56.561;42.566;13.995101;56;9.96;7.891;2.069;241;141;14.384;10.271;4.113;235;137;16.749;12.713;4.036;250;153;15.468;11.691;3.777;
115;824;493;55.223;37.281;17.94297;51;10.391;8.387;2.004;245;144;14.564;9.438;5.126;232;145;14.168;9.233;4.935;250;153;16.1;10.223;5.877;
116;824;478;58.923;42.991;15.93299;53;10.948;8.649;2.299;242;125;17.978;12.834;5.144;233;155;14.367;10.032;4.335;250;145;15.63;11.476;4.154;
117;832;505;56.713;42.118;14.595104;59;10.973;8.774;2.199;243;151;13.803;9.332;4.471;235;144;13.091;9.195;3.896;250;151;18.846;14.817;4.029;
118;822;485;62.308;47.974;14.33494;52;15.586;13.608;1.978;242;138;17.069;12.958;4.111;236;142;14.424;10.152;4.272;250;153;15.229;11.256;3.973;
119;830;495;79.218;57.526;21.692100;47;17.387;13.671;3.716;243;135;17.367;12.094;5.273;237;157;20.416;15.09;5.326;250;156;24.048;16.671;7.377;
120;827;494;59.993;44.523;15.4795;47;13.409;11.288;2.121;243;142;14.93;11.131;3.799;239;158;14.724;10.677;4.047;250;147;16.93;11.427;5.503;
121;823;507;66.553;52.542;14.01194;51;14.457;12.514;1.943;243;146;18.789;14.757;4.032;236;162;17.254;13.485;3.769;250;148;16.053;11.786;4.267;
122;829;494;57.345;39.566;17.77995;50;11.685;8.439;3.246;246;150;15.741;10.657;5.084;238;141;14.105;9.827;4.278;250;153;15.814;10.643;5.171;
123;843;498;75.387;56.779;18.608111;57;12.223;9.196;3.027;245;143;22.07;17.517;4.553;237;143;22.556;16.418;6.138;250;155;18.538;13.648;4.89;
124;848;440;61.659;44.996;16.663111;47;10.954;8.583;2.371;243;128;14.324;10.306;4.018;244;127;16.316;11.269;5.047;250;138;20.065;14.838;5.227;
125;853;515;62.05;45.406;16.644115;51;11.669;8.774;2.895;246;152;15.259;10.272;4.987;242;155;19.162;14.89;4.272;250;157;15.96;11.47;4.49;
126;860;508;60.756;45.838;14.918126;64;15.005;12.471;2.534;243;146;14.157;10.182;3.975;241;140;14.685;10.953;3.732;250;158;16.909;12.232;4.677;
127;862;525;61.747;46.368;15.379128;65;15.927;13.277;2.65;243;145;15.276;11.266;4.01;241;155;15.279;11.272;4.007;250;160;15.265;10.553;4.712;
128;870;506;57.251;40.878;16.373132;70;12.229;8.758;3.471;246;137;15.915;11.884;4.031;242;147;13.995;9.72;4.275;250;152;15.112;10.516;4.596;
129;868;520;61.5;44.179;17.321126;71;13.656;10.928;2.728;250;139;15.76;11.383;4.377;242;142;15.923;10.037;5.886;250;168;16.161;11.831;4.33;
130;872;523;67.366;50.606;16.76128;65;10.642;8.089;2.553;250;158;19.03;14.568;4.462;244;146;18.773;13.28;5.493;250;154;18.921;14.669;4.252;
131;866;529;58.791;39.834;18.957124;57;11.334;8.27;3.064;248;160;15.938;10.99;4.948;244;151;16.485;9.957;6.528;250;161;15.034;10.617;4.417;
132;885;512;59.308;41.985;17.323142;65;11.301;7.929;3.372;246;138;16.311;11.581;4.73;247;153;16.92;12.242;4.678;250;156;14.776;10.233;4.543;
133;873;530;61.861;42.127;19.734135;68;11.639;8.976;2.663;246;148;15.498;9.927;5.571;242;147;16.65;9.356;7.294;250;167;18.074;13.868;4.206;
134;853;489;68.003;50.534;17.469116;54;11.202;7.946;3.256;247;147;17.794;12.134;5.66;240;138;19.978;15.465;4.513;250;150;19.029;14.989;4.04;
135;868;503;59.193;43.856;15.337134;58;11.158;8.483;2.675;243;152;13.959;9.968;3.991;241;145;18.301;13.988;4.313;250;148;15.775;11.417;4.358;
136;866;472;68.523;52.866;15.657123;56;14.701;12.187;2.514;248;140;18.555;14.164;4.391;245;136;19.469;14.823;4.646;250;140;15.798;11.692;4.106;
137;867;441;61.857;43.939;17.918129;47;10.607;8.095;2.512;247;137;14.024;9.716;4.308;241;121;15.419;9.861;5.558;250;136;21.807;16.267;5.54;
138;879;466;59.549;42.836;16.713141;61;12.978;10.289;2.689;247;149;14.589;10.488;4.101;241;121;15.791;10.965;4.826;250;135;16.191;11.094;5.097;
139;873;502;71.229;54.821;16.408135;62;16.127;12.8;3.327;250;158;21.115;16.387;4.728;238;123;17.442;13.092;4.35;250;159;16.545;12.542;4.003;
140;860;494;71.329;51.945;19.384124;56;17.206;14.529;2.677;250;153;23;17.417;5.583;236;130;14.89;9.856;5.034;250;155;16.233;10.143;6.09;
141;865;458;54.825;39.143;15.682122;56;10.686;7.847;2.839;250;141;14.342;10.009;4.333;243;121;14.171;10.147;4.024;250;140;15.626;11.14;4.486;
142;854;496;61.611;45.271;16.34120;58;11.585;8.074;3.511;248;169;16.084;11.47;4.614;236;124;19.132;14.974;4.158;250;145;14.81;10.753;4.057;
143;845;499;55.889;41.475;14.414114;55;10.413;8.136;2.277;250;156;16.686;12.489;4.197;231;135;13.729;9.954;3.775;250;153;15.061;10.896;4.165;
144;862;489;61.477;45.864;15.613131;56;15.567;12.475;3.092;250;161;16.037;11.733;4.304;231;123;15.008;11.063;3.945;250;149;14.865;10.593;4.272;
145;840;486;53.092;37.299;15.793117;59;9.988;7.785;2.203;243;148;16.266;11.023;5.243;230;122;12.654;8.759;3.895;250;157;14.184;9.732;4.452;
146;877;483;51.898;37.292;14.606147;55;11.422;8.656;2.766;250;150;14.482;10.611;3.871;230;120;12.419;8.359;4.06;250;158;13.575;9.666;3.909;
147;882;502;57.422;41.556;15.866161;82;10.691;7.669;3.022;250;148;14.803;10.404;4.399;221;125;17.201;13.204;3.997;250;147;14.727;10.279;4.448;
148;887;492;60.379;45.243;15.136159;83;12.224;9.233;2.991;250;147;19.418;15.253;4.165;228;113;14.47;10.383;4.087;250;149;14.267;10.374;3.893;
149;872;519;55.247;39.741;15.506144;86;11.136;8.241;2.895;250;153;15.371;11.062;4.309;228;119;13.88;9.904;3.976;250;161;14.86;10.534;4.326;
150;884;501;59.684;41.655;18.029171;78;12.219;8.442;3.777;250;155;18.383;13.246;5.137;213;118;13.386;9.412;3.974;250;150;15.696;10.555;5.141;
151;897;496;62.039;44.821;17.218165;80;16.461;13.194;3.267;250;140;16.08;11.633;4.447;232;132;13.658;9.564;4.094;250;144;15.84;10.43;5.41;
152;925;507;56.919;38.905;18.014183;79;11.59;7.979;3.611;250;156;15.875;10.812;5.063;242;129;13.189;8.584;4.605;250;143;16.265;11.53;4.735;
153;937;565;60.781;44.027;16.754199;99;17.484;13.592;3.892;250;174;15.979;11.484;4.495;238;136;13.181;8.878;4.303;250;156;14.137;10.073;4.064;
154;946;553;60.031;41.719;18.312199;104;15.101;10.987;4.114;250;158;16.353;11.478;4.875;247;140;14.548;9.24;5.308;250;151;14.029;10.014;4.015;
155;954;558;62.387;45.152;17.235209;111;18.005;14.095;3.91;250;156;16.966;12.167;4.799;245;141;13.676;9.203;4.473;250;150;13.74;9.687;4.053;
156;967;556;64.071;45.043;19.028221;117;17.77;13.617;4.153;250;161;17.223;12.058;5.165;246;133;15.093;9.635;5.458;250;145;13.985;9.733;4.252;
157;968;571;65.463;45.26;20.203224;117;13.089;8.609;4.48;250;164;16.594;11.911;4.683;244;139;14.263;9.48;4.783;250;151;21.517;15.26;6.257;
158;971;581;61.274;42.434;18.84225;126;13.44;9.067;4.373;250;156;17.903;13.026;4.877;246;142;14.042;9.422;4.62;250;157;15.889;10.919;4.97;
159;969;591;61.169;42.377;18.792226;132;14.566;10.225;4.341;250;160;16.693;11.733;4.96;243;143;14.653;9.796;4.857;250;156;15.257;10.623;4.634;
160;980;588;65.542;46.09;19.452232;128;15.064;10.476;4.588;250;166;16.946;11.889;5.057;248;136;18.273;13.007;5.266;250;158;15.259;10.718;4.541;
161;968;576;65.479;43.429;22.05223;124;15.14;9.065;6.075;250;162;19.881;14.926;4.955;245;140;14.919;9.696;5.223;250;150;15.539;9.742;5.797;
162;969;595;67.431;47.875;19.556226;129;15.684;10.918;4.766;250;159;16.901;11.65;5.251;243;152;18.282;13.444;4.838;250;155;16.564;11.863;4.701;
163;972;629;73.861;50.815;23.046230;150;18.095;13.298;4.797;250;167;17.992;12.92;5.072;242;157;20.352;14.332;6.02;250;155;17.422;10.265;7.157;
164;973;585;77.925;52.365;25.56227;129;19.005;12.067;6.938;250;158;21.762;14.015;7.747;246;154;19.752;14.052;5.7;250;144;17.406;12.231;5.175;
165;977;464;81.566;56.649;24.917227;108;14.841;9.956;4.885;250;150;22.848;16.133;6.715;250;91;23.083;14.97;8.113;250;115;20.794;15.59;5.204;
166;978;610;71.578;50.532;21.046229;140;15.338;10.269;5.069;250;162;18.179;12.385;5.794;249;155;20.021;15.048;4.973;250;153;18.04;12.83;5.21;
167;982;611;64.626;41.696;22.93235;145;16.121;9.487;6.634;250;153;16.517;11.098;5.419;247;148;14.959;9.736;5.223;250;165;17.029;11.375;5.654;
168;985;633;94.283;62.182;32.101238;149;24.767;17.942;6.825;250;162;25.989;16.224;9.765;247;161;18.713;12.414;6.299;250;161;24.814;15.602;9.212;
169;978;609;75.834;51.362;24.472233;142;16.412;11.119;5.293;250;164;23.671;15.785;7.886;245;147;20.283;14.373;5.91;250;156;15.468;10.085;5.383;
170;990;629;69.789;47.392;22.397242;155;14.254;9.241;5.013;250;158;16.297;10.359;5.938;248;164;24.137;17.171;6.966;250;152;15.101;10.621;4.48;
171;988;648;105.721;48.707;57.014241;161;22.196;10.934;11.262;250;166;52.94;16.371;36.569;247;157;16.191;11.551;4.64;250;164;14.394;9.851;4.543;
172;992;639;79.195;59.803;19.392245;147;20.545;15.355;5.19;250;169;22.071;17.26;4.811;247;153;15.971;11.036;4.935;250;170;20.608;16.152;4.456;
173;989;632;72.587;50.298;22.289239;153;16.435;10.094;6.341;250;162;19.607;14.453;5.154;250;158;15.322;10.241;5.081;250;159;21.223;15.51;5.713;
174;988;616;66.323;46.341;19.982238;144;18.52;13.51;5.01;250;151;16.157;11.143;5.014;250;155;15.381;10.119;5.262;250;166;16.265;11.569;4.696;
175;994;618;68.174;44.994;23.18244;145;15.47;10.217;5.253;250;157;17.535;12.176;5.359;250;147;17.56;11.198;6.362;250;169;17.609;11.403;6.206;
176;992;626;68.041;43.367;24.674242;136;14.773;9.708;5.065;250;165;16.927;11.85;5.077;250;148;18.818;10.413;8.405;250;177;17.523;11.396;6.127;
177;993;626;71.647;48.698;22.949243;147;20.377;14.971;5.406;250;164;17.542;12.141;5.401;250;154;16.213;10.347;5.866;250;161;17.515;11.239;6.276;
178;992;615;66.877;45.669;21.208242;140;17.819;11.989;5.83;250;158;18.411;12.796;5.615;250;154;15.382;10.205;5.177;250;163;15.265;10.679;4.586;
179;996;651;60.768;40.857;19.911246;153;15.705;10.458;5.247;250;171;16.358;11.345;5.013;250;169;14.626;9.527;5.099;250;158;14.079;9.527;4.552;
180;992;622;52.636;35.781;16.855242;146;11.746;8.435;3.311;250;166;11.947;8.523;3.424;250;153;13.295;7.823;5.472;250;157;15.648;11;4.648;
181;993;628;45.396;31.331;14.065243;151;14.027;8.591;5.436;250;164;11.737;8.298;3.439;250;159;10.848;8.156;2.692;250;154;8.784;6.286;2.498;
182;998;619;34.083;23.086;10.997248;147;10.216;7.612;2.604;250;164;9.198;6.074;3.124;250;156;7.465;4.789;2.676;250;152;7.204;4.611;2.593;
183;991;644;30.432;19.989;10.443243;162;8.398;5.669;2.729;250;158;7.466;5.074;2.392;248;161;7.118;4.175;2.943;250;163;7.45;5.071;2.379;
184;992;618;35.334;25.136;10.198242;145;11.323;8.572;2.751;250;161;7.825;5.372;2.453;250;148;8.995;6.219;2.776;250;164;7.191;4.973;2.218;
185;996;629;35.468;24.428;11.04246;153;8.062;4.845;3.217;250;168;10.119;7.325;2.794;250;153;9.861;7.011;2.85;250;155;7.426;5.247;2.179;
186;990;610;39.715;27.603;12.112240;150;10.709;7.229;3.48;250;168;9.025;6.355;2.67;250;149;8.765;6.206;2.559;250;143;11.216;7.813;3.403;
187;991;635;38.725;27.082;11.643242;145;11.588;8.703;2.885;250;173;9.291;5.973;3.318;249;165;9.47;6.945;2.525;250;152;8.376;5.461;2.915;
188;991;607;39.425;28.933;10.492242;136;12.452;9.204;3.248;250;169;12.562;9.77;2.792;249;153;7.698;5.399;2.299;250;149;6.713;4.56;2.153;
189;993;618;33.421;23.163;10.258243;139;9.859;7.478;2.381;250;162;7.827;4.894;2.933;250;151;8.045;5.551;2.494;250;166;7.69;5.24;2.45;
190;991;587;55.309;36.293;19.016243;139;14.746;9.044;5.702;250;148;13.875;10.46;3.415;248;152;12.033;7.959;4.074;250;148;14.655;8.83;5.825;
191;993;643;44.043;29.993;14.05246;148;10.982;7.111;3.871;250;161;10.862;7.705;3.157;247;168;10.954;7.573;3.381;250;166;11.245;7.604;3.641;
192;990;614;31.73;20.282;11.448246;144;8.408;5.751;2.657;250;161;9.73;5.943;3.787;244;151;6.782;4.237;2.545;250;158;6.81;4.351;2.459;
193;991;604;33.679;22.991;10.688243;136;8.582;6.054;2.528;250;155;9.446;6.337;3.109;248;149;6.818;4.386;2.432;250;164;8.833;6.214;2.619;
194;988;599;34.208;24.02;10.188242;140;10.432;7.226;3.206;250;151;8.476;5.906;2.57;246;156;8.234;5.896;2.338;250;152;7.066;4.992;2.074;
195;986;632;37.129;26.17;10.959242;147;7.834;5.324;2.51;250;163;10.119;7.596;2.523;244;159;10.001;6.345;3.656;250;163;9.175;6.905;2.27;
196;993;617;34.705;24.395;10.31247;137;8.175;4.815;3.36;250;161;11.764;9.307;2.457;246;152;8.186;5.822;2.364;250;167;6.58;4.451;2.129;
197;995;622;30.147;20.178;9.969247;158;9.255;6.623;2.632;250;165;7.413;5.089;2.324;248;149;7.039;4.174;2.865;250;150;6.44;4.292;2.148;
198;995;641;32.359;21.938;10.421246;169;10.766;7.807;2.959;249;157;7.027;4.593;2.434;250;154;7.017;4.276;2.741;250;161;7.549;5.262;2.287;
199;998;624;38.337;27.224;11.113250;155;13.456;9.687;3.769;248;153;8.929;6.35;2.579;250;159;7.678;5.148;2.53;250;157;8.274;6.039;2.235;
200;989;641;41.214;29.508;11.706250;163;10.845;7.817;3.028;246;155;10.178;7.69;2.488;243;163;9.419;5.975;3.444;250;160;10.772;8.026;2.746;
201;995;634;40.946;29.288;11.658248;165;7.132;4.766;2.366;250;156;11.564;7.563;4.001;247;159;14.003;11.032;2.971;250;154;8.247;5.927;2.32;
202;997;640;35.616;25.623;9.993250;160;12.162;9.576;2.586;247;162;8.369;5.956;2.413;250;160;8.002;5.598;2.404;250;158;7.083;4.493;2.59;
203;994;632;30.111;20.017;10.094250;158;8.924;6.417;2.507;247;150;7.179;4.763;2.416;247;165;7.138;4.463;2.675;250;159;6.87;4.374;2.496;
204;999;606;40.301;26.95;13.351250;164;12.547;8.434;4.113;250;143;11.54;7.528;4.012;249;156;8.084;5.579;2.505;250;143;8.13;5.409;2.721;
205;1000;647;30.072;20.684;9.388250;167;7.84;5.404;2.436;250;157;8.475;6.068;2.407;250;172;6.646;4.309;2.337;250;151;7.111;4.903;2.208;
206;998;641;43.977;30.363;13.614250;164;9.065;5.585;3.48;250;162;11.616;8.962;2.654;248;163;11.383;8.194;3.189;250;152;11.913;7.622;4.291;
207;1000;586;37.929;27.364;10.565250;172;10.715;7.251;3.464;250;145;9.84;7.256;2.584;250;137;9.385;7.105;2.28;250;132;7.989;5.752;2.237;
208;1000;621;30.015;19.366;10.649250;159;7.822;5.097;2.725;250;141;7.308;4.763;2.545;250;157;8.071;5.17;2.901;250;164;6.814;4.336;2.478;
209;1000;626;28.93;19.505;9.425250;168;7.117;4.737;2.38;250;138;7.277;4.922;2.355;250;155;7.097;4.712;2.385;250;165;7.439;5.134;2.305;
210;1000;647;40.971;26.475;14.496250;168;13.631;9.515;4.116;250;160;9.652;6.55;3.102;250;162;10.06;5.593;4.467;250;157;7.628;4.817;2.811;
211;1000;648;66.385;45.972;20.413250;165;15.588;10.381;5.207;250;159;17.827;12.609;5.218;250;157;16.263;10.847;5.416;250;167;16.707;12.135;4.572;
212;999;655;33.274;23.351;9.923249;168;8.241;5.634;2.607;250;168;9.419;6.907;2.512;250;169;6.834;4.311;2.523;250;150;8.78;6.499;2.281;
213;1000;657;28.606;18.886;9.72250;173;7.413;4.963;2.45;250;166;7.735;5.228;2.507;250;160;6.574;4.132;2.442;250;158;6.884;4.563;2.321;
214;1000;635;41.466;27.471;13.995250;164;9.909;6.057;3.852;250;158;10.106;6.779;3.327;250;168;10.189;6.875;3.314;250;145;11.262;7.76;3.502;
215;1000;624;37.944;27.909;10.035250;158;12.131;9.203;2.928;250;158;10.375;7.801;2.574;250;157;8.205;5.827;2.378;250;151;7.233;5.078;2.155;
216;1000;651;36.488;26.15;10.338250;167;9.345;6.832;2.513;250;180;7.375;4.928;2.447;250;159;8.938;5.808;3.13;250;145;10.83;8.582;2.248;
217;1000;599;36.631;26.518;10.113250;153;10.568;7.912;2.656;250;150;7.432;4.858;2.574;250;155;11.064;8.437;2.627;250;141;7.567;5.311;2.256;
218;1000;657;37.491;26.723;10.768250;170;8.157;5.695;2.462;250;176;12.949;9.889;3.06;250;153;8.205;5.35;2.855;250;158;8.18;5.789;2.391;
219;1000;637;36.277;24.204;12.073250;163;11.405;7.94;3.465;250;163;10.292;6.84;3.452;250;153;6.709;4.222;2.487;250;158;7.871;5.202;2.669;
220;1000;648;34.595;23.451;11.144250;157;12.316;8.75;3.566;250;176;7.836;5.363;2.473;250;167;7.395;4.823;2.572;250;148;7.048;4.515;2.533;
221;1000;653;32.695;22.65;10.045250;165;9.001;6.336;2.665;250;167;8.212;5.431;2.781;250;163;8.735;6.228;2.507;250;158;6.747;4.655;2.092;
222;1000;634;33.835;23.478;10.357250;169;9.078;6.193;2.885;250;158;8.791;6.168;2.623;250;157;8.213;5.562;2.651;250;150;7.753;5.555;2.198;
223;1000;655;34.01;22.97;11.04250;170;11.556;8.961;2.595;250;174;8.274;4.962;3.312;250;162;6.939;4.434;2.505;250;149;7.241;4.613;2.628;
224;1000;650;31.049;20.714;10.335250;163;9.113;6.58;2.533;250;173;7.615;5.12;2.495;250;162;7.766;4.61;3.156;250;152;6.555;4.404;2.151;
225;1000;656;32.591;22.885;9.706250;176;9.634;7.052;2.582;250;171;7.312;4.899;2.413;250;159;8.284;5.728;2.556;250;150;7.361;5.206;2.155;
226;1000;649;42.526;29.584;12.942250;170;11.428;6.805;4.623;250;173;11.786;8.53;3.256;250;157;10.013;7.524;2.489;250;149;9.299;6.725;2.574;
227;1000;639;34.987;22.69;12.297250;160;7.465;4.991;2.474;250;180;8.397;4.923;3.474;250;153;8.555;5.393;3.162;250;146;10.57;7.383;3.187;
228;1000;629;41.865;28.49;13.375250;161;8.592;5.465;3.127;250;165;13.242;10.356;2.886;250;163;9.674;6.841;2.833;250;140;10.357;5.828;4.529;
229;1000;670;41.463;28.494;12.969250;176;11.448;7.341;4.107;250;163;10.554;7.287;3.267;250;171;7.524;4.864;2.66;250;160;11.937;9.002;2.935;
230;1000;650;48.091;33.109;14.982250;167;10.296;6.15;4.146;250;169;11.545;8.655;2.89;250;162;12.575;9.018;3.557;250;152;13.675;9.286;4.389;
231;1000;644;36.485;25.356;11.129250;166;10.798;7.59;3.208;250;166;8.125;5.406;2.719;250;168;9.447;6.645;2.802;250;144;8.115;5.715;2.4;
232;998;641;34.384;24.22;10.164248;165;10.267;7.518;2.749;250;158;7.635;5.215;2.42;250;169;9.527;6.981;2.546;250;149;6.955;4.506;2.449;
233;997;621;40.562;28.957;11.605247;160;8.983;5.598;3.385;250;162;11.549;9.019;2.53;250;155;11.59;9.012;2.578;250;144;8.44;5.328;3.112;
234;1000;641;38.458;26.728;11.73250;151;12.79;9.962;2.828;250;166;8.129;5.096;3.033;250;170;9.116;6.309;2.807;250;154;8.423;5.361;3.062;
235;1000;631;48.252;33.041;15.211250;155;8.381;5.484;2.897;250;159;12.412;9.28;3.132;250;162;10.866;6.445;4.421;250;155;16.593;11.832;4.761;
236;1000;635;39.382;26.1;13.282250;150;8.479;4.818;3.661;250;155;9.667;6.932;2.735;250;165;9.889;6.971;2.918;250;165;11.347;7.379;3.968;
237;1000;633;63.934;43.865;20.069250;150;17.69;12.155;5.535;250;161;17.546;12.477;5.069;250;160;14.48;9.5;4.98;250;162;14.218;9.733;4.485;
238;1000;611;39.984;28.644;11.34250;164;6.929;4.471;2.458;250;156;11.113;8.419;2.694;250;147;8.508;5.782;2.726;250;144;13.434;9.972;3.462;
239;1000;651;39.65;28.787;10.863250;166;10.369;7.155;3.214;250;165;12.283;9.799;2.484;250;166;7.482;4.924;2.558;250;154;9.516;6.909;2.607;
240;997;636;55.196;38.449;16.747247;168;13.97;8.746;5.224;250;160;15.926;11.606;4.32;250;154;12.664;8.554;4.11;250;154;12.636;9.543;3.093;
241;998;635;54.377;35.454;18.923248;162;7.183;4.44;2.743;250;149;15.779;11.055;4.724;250;167;16.118;9.763;6.355;250;157;15.297;10.196;5.101;
242;998;660;55.791;38.062;17.729248;166;9.545;6.291;3.254;250;163;13.728;8.732;4.996;250;167;14.268;9.142;5.126;250;164;18.25;13.897;4.353;
243;994;616;36.201;25.058;11.143244;153;11.453;8.329;3.124;250;145;7.89;5.409;2.481;250;151;9.11;6.546;2.564;250;167;7.748;4.774;2.974;
244;990;619;33.741;22.732;11.009244;150;11.412;8.339;3.073;250;158;8.528;5.296;3.232;246;146;6.721;4.327;2.394;250;165;7.08;4.77;2.31;
245;990;614;32.906;22.925;9.981240;147;7.003;4.57;2.433;250;150;9.625;6.949;2.676;250;147;7.577;5.13;2.447;250;170;8.701;6.276;2.425;
246;995;600;33.377;23.775;9.602247;127;10.091;7.46;2.631;250;153;9.198;6.756;2.442;248;159;6.25;3.956;2.294;250;161;7.838;5.603;2.235;
247;1000;613;34.385;23.767;10.618250;156;12.241;8.411;3.83;250;162;8.901;6.464;2.437;250;136;6.376;4.192;2.184;250;159;6.867;4.7;2.167;
248;1000;93;32.01;21.735;10.275250;1;8.895;6.263;2.632;250;2;9.325;6.788;2.537;250;89;6.53;4.073;2.457;250;1;7.26;4.611;2.649;
249;994;613;31.801;21.421;10.38246;140;8.456;5.671;2.785;250;166;8.943;6.2;2.743;248;147;7.7;5.142;2.558;250;160;6.702;4.408;2.294;
250;994;606;31.125;21.569;9.556244;138;7.212;4.954;2.258;250;174;9.051;6.434;2.617;250;141;6.56;4.169;2.391;250;153;8.302;6.012;2.29;
251;994;641;30.854;20.343;10.511244;160;7.355;4.832;2.523;250;164;9.373;6.349;3.024;250;155;6.436;4.064;2.372;250;162;7.69;5.098;2.592;
252;981;623;30.248;19.989;10.259236;156;7.544;5.128;2.416;250;155;9.56;6.333;3.227;245;141;6.718;4.315;2.403;250;171;6.426;4.213;2.213;
253;984;626;36.07;25.788;10.282236;152;10.249;7.875;2.374;250;153;9.214;6.714;2.5;248;155;7.012;4.597;2.415;250;166;9.595;6.602;2.993;
254;985;619;36.683;26.124;10.559235;145;13.876;10.429;3.447;250;159;8.642;6.192;2.45;250;150;7.648;5.058;2.59;250;165;6.517;4.445;2.072;
255;978;587;41.45;29.425;12.025229;125;10.94;8.057;2.883;250;157;11.291;7.591;3.7;249;149;8.896;6.436;2.46;250;156;10.323;7.341;2.982;
256;981;587;34.292;24.657;9.635233;122;6.875;4.704;2.171;250;151;12.529;9.942;2.587;248;152;7.063;4.313;2.75;250;162;7.825;5.698;2.127;
257;969;584;32.444;21.47;10.974228;129;6.576;4.03;2.546;250;147;8.439;5.941;2.498;241;152;8.08;5.092;2.988;250;156;9.349;6.407;2.942;
258;964;560;33.37;22.598;10.772222;116;7.777;5.118;2.659;250;142;10.296;7.386;2.91;242;139;7.565;4.898;2.667;250;163;7.732;5.196;2.536;
259;955;560;36.456;26.769;9.687221;116;6.3;3.981;2.319;250;146;10.228;7.938;2.29;237;149;9.642;6.96;2.682;247;149;10.286;7.89;2.396;
260;949;564;38.408;27.051;11.357209;118;8.714;5.199;3.515;250;150;10.163;7.34;2.823;240;147;9.365;6.597;2.768;250;149;10.166;7.915;2.251;
261;924;552;48.901;36.137;12.764187;98;17.833;13.946;3.887;250;150;12.881;9.562;3.319;237;150;9.369;6.349;3.02;250;154;8.818;6.28;2.538;
262;909;559;39.548;28.87;10.678180;101;6.234;4.303;1.931;250;162;8.561;5.901;2.66;229;138;10.261;7.366;2.895;250;158;14.492;11.3;3.192;
263;879;559;29.028;19.572;9.456147;88;6.319;4.732;1.587;250;155;8.534;5.535;2.999;232;158;6.896;4.579;2.317;250;158;7.279;4.726;2.553;
264;867;514;43.186;32.81;10.376131;81;11.403;9.116;2.287;250;129;12.744;9.498;3.246;236;151;8.581;5.9;2.681;250;153;10.458;8.296;2.162;
265;894;505;29.814;20.913;8.901155;80;7.856;5.218;2.638;250;141;6.946;4.811;2.135;239;143;6.281;4.209;2.072;250;141;8.731;6.675;2.056;
266;884;558;30.338;21.499;8.839143;87;6.021;4.141;1.88;250;143;10.204;7.803;2.401;241;166;7.805;5.242;2.563;250;162;6.308;4.313;1.995;
267;906;538;36.534;26.993;9.541164;82;7.051;5.354;1.697;250;144;9.043;5.694;3.349;242;158;10.015;7.782;2.233;250;154;10.425;8.163;2.262;
268;908;568;27.839;19.396;8.443165;102;5.718;4.156;1.562;250;142;7.513;4.797;2.716;243;169;7.753;5.555;2.198;250;155;6.855;4.888;1.967;
269;883;558;43.529;32.634;10.895141;93;13.541;11.108;2.433;250;164;11.309;7.722;3.587;242;156;8.412;6.04;2.372;250;145;10.267;7.764;2.503;
270;880;551;43.215;32.843;10.372135;79;14.355;12.405;1.95;250;166;12.944;10.18;2.764;245;151;7.736;5.402;2.334;250;155;8.18;4.856;3.324;
271;851;552;30.092;21.673;8.419109;65;6.361;4.89;1.471;250;176;9.448;7.298;2.15;242;161;7.061;4.225;2.836;250;150;7.222;5.26;1.962;
272;843;530;30.591;21.68;8.911100;60;8.114;6.781;1.333;250;169;7.148;4.927;2.221;243;149;7.478;4.449;3.029;250;152;7.851;5.523;2.328;
273;862;527;31.84;23.995;7.845115;58;7.156;5.798;1.358;250;169;7.66;5.518;2.142;247;156;8.488;6.3;2.188;250;144;8.536;6.379;2.157;
274;857;529;38.989;28.028;10.961117;60;7.863;5.521;2.342;250;168;11.675;8.324;3.351;240;154;10.056;7.453;2.603;250;147;9.395;6.73;2.665;
275;873;544;34.95;26.918;8.032125;66;8.523;7;1.523;250;156;9.903;7.557;2.346;248;168;8.584;6.504;2.08;250;154;7.94;5.857;2.083;
276;882;561;29.824;20.816;9.008136;78;6.019;3.968;2.051;250;163;8.714;6.506;2.208;246;167;7.579;4.887;2.692;250;153;7.512;5.455;2.057;
277;873;528;33.025;24.04;8.985124;76;5.784;4.181;1.603;250;146;8.607;6.309;2.298;249;160;9.714;6.686;3.028;250;146;8.92;6.864;2.056;
278;869;521;31.851;22.525;9.326121;68;6.458;4.065;2.393;250;148;10.177;7.867;2.31;248;159;8.118;5.395;2.723;250;146;7.098;5.198;1.9;
279;853;512;41.044;30.644;10.4103;60;7.162;5.577;1.585;250;140;11.219;7.725;3.494;250;164;11.654;8.613;3.041;250;148;11.009;8.729;2.28;
280;823;521;37.772;28.258;9.51473;44;8.437;7.37;1.067;250;152;10.82;7.995;2.825;250;172;10.215;6.848;3.367;250;153;8.3;6.045;2.255;
281;834;513;27.014;20.021;6.99384;40;5.318;4.309;1.009;250;142;7.788;5.713;2.075;250;168;6.518;4.474;2.044;250;163;7.39;5.525;1.865;
282;828;519;38.049;30.31;7.73980;46;6.921;5.915;1.006;248;148;8.619;6.431;2.188;250;165;10.251;7.838;2.413;250;160;12.258;10.126;2.132;
283;811;480;32.205;24.341;7.86470;42;6.856;5.724;1.132;241;129;9.788;7.54;2.248;250;153;8.232;5.712;2.52;250;156;7.329;5.365;1.964;
284;813;494;33.234;25.698;7.53670;34;4.857;4.047;0.81;243;137;7.595;5.487;2.108;250;167;11.809;9.183;2.626;250;156;8.973;6.981;1.992;
285;822;509;37.503;28.332;9.17181;34;7.916;6.765;1.151;241;144;9.032;6.325;2.707;250;177;9.423;6.673;2.75;250;154;11.132;8.569;2.563;
286;810;495;32.575;24.407;8.16869;40;5.643;4.766;0.877;241;131;8.417;6.091;2.326;250;163;10.254;7.643;2.611;250;161;8.261;5.907;2.354;
287;834;483;34.236;26.924;7.31290;33;8.251;7.075;1.176;244;139;9.302;6.958;2.344;250;166;8.723;6.833;1.89;250;145;7.96;6.058;1.902;
288;828;518;29.411;21.79;7.62189;44;5.096;4.115;0.981;239;139;7.617;5.108;2.509;250;177;7.956;5.947;2.009;250;158;8.742;6.62;2.122;
289;839;293;29.605;21.919;7.686102;28;5.87;4.821;1.049;237;5;10.924;8.326;2.598;250;159;6.491;4.331;2.16;250;101;6.32;4.441;1.879;
290;842;522;28.965;21.597;7.368105;56;5.325;4.253;1.072;237;133;7.822;5.647;2.175;250;174;7.891;5.825;2.066;250;159;7.927;5.872;2.055;
291;843;529;35.25;26.18;9.07107;56;5.747;4.611;1.136;236;157;10.188;7.879;2.309;250;170;10.47;7.219;3.251;250;146;8.845;6.471;2.374;
292;857;540;27.556;19.523;8.033125;62;6.735;5.408;1.327;232;147;7.074;5.12;1.954;250;181;7.287;4.52;2.767;250;150;6.46;4.475;1.985;
293;864;521;32.996;23.919;9.077133;66;7.891;6.336;1.555;231;136;8.857;6.161;2.696;250;171;9.126;6.446;2.68;250;148;7.122;4.976;2.146;
294;837;515;32.568;24.986;7.582110;65;7.51;6.297;1.213;227;130;9.066;6.798;2.268;250;161;7.676;5.501;2.175;250;159;8.316;6.39;1.926;
295;828;498;32.353;24.798;7.55599;43;9.29;8.067;1.223;229;126;7.007;5.091;1.916;250;184;7.251;5.163;2.088;250;145;8.805;6.477;2.328;
296;831;488;33.745;25.225;8.52100;50;6.646;5.313;1.333;231;121;7.515;4.796;2.719;250;165;10.908;8.479;2.429;250;152;8.676;6.637;2.039;
297;823;509;33.763;25.88;7.88389;50;7.519;6.317;1.202;234;146;9.165;6.732;2.433;250;171;8.53;6.29;2.24;250;142;8.549;6.541;2.008;
298;819;525;26.483;19.119;7.36486;51;5.545;4.308;1.237;233;138;7.092;5.006;2.086;250;181;6.51;4.494;2.016;250;155;7.336;5.311;2.025;
299;819;494;30.613;24.1;6.51383;41;5.104;4.233;0.871;236;123;8.914;6.994;1.92;250;170;8.259;6.336;1.923;250;160;8.336;6.537;1.799;
300;806;488;27.716;21.108;6.60876;42;6.352;5.536;0.816;230;116;6.133;4.233;1.9;250;167;7.904;5.846;2.058;250;163;7.327;5.493;1.834;
301;821;488;31.246;24.026;7.2285;47;7.739;6.503;1.236;236;131;8.039;6.004;2.035;250;163;7.574;5.641;1.933;250;147;7.894;5.878;2.016;
302;855;498;30.404;23.017;7.387115;49;5.45;4.256;1.194;240;124;8.584;6.434;2.15;250;173;8.216;6.008;2.208;250;152;8.154;6.319;1.835;
303;859;522;41.67;32.273;9.397118;59;8.969;7.644;1.325;241;131;8.745;6.101;2.644;250;166;13.391;9.957;3.434;250;166;10.565;8.571;1.994;
304;854;519;37.487;27.664;9.823116;62;8.636;6.997;1.639;238;129;6.589;4.377;2.212;250;156;14.122;10.242;3.88;250;172;8.14;6.048;2.092;
305;872;538;30.622;21.895;8.727129;69;6.302;4.762;1.54;243;134;7.211;4.753;2.458;250;166;7.35;5.236;2.114;250;169;9.759;7.144;2.615;
306;870;542;42.93;34.105;8.825127;77;14.608;12.806;1.802;243;140;10.92;8.252;2.668;250;161;9.461;7.27;2.191;250;164;7.941;5.777;2.164;
307;868;545;34.184;24.641;9.543124;71;6.636;5.368;1.268;244;145;8.373;5.597;2.776;250;160;8.26;5.589;2.671;250;169;10.915;8.087;2.828;
308;865;508;33.079;24.592;8.487123;64;6.775;5.129;1.646;242;136;7.264;4.955;2.309;250;150;6.609;4.486;2.123;250;158;12.431;10.022;2.409;
309;871;505;38.099;27.69;10.409129;59;7.993;6.215;1.778;242;126;10.345;7.614;2.731;250;160;10.848;7.564;3.284;250;160;8.913;6.297;2.616;
310;846;511;28.496;21.246;7.25109;61;7.429;6.244;1.185;237;132;6.951;5.02;1.931;250;153;7.683;5.553;2.13;250;165;6.433;4.429;2.004;
311;877;513;33.625;25.716;7.909131;55;5.999;4.833;1.166;246;133;6.794;4.492;2.302;250;158;11.558;9.279;2.279;250;167;9.274;7.112;2.162;
312;888;527;30.303;21.405;8.898138;72;5.812;4.456;1.356;250;143;9.999;7.147;2.852;250;158;6.987;4.729;2.258;250;154;7.505;5.073;2.432;
313;867;521;33.119;25.27;7.849123;73;5.621;4.426;1.195;244;134;9.064;6.819;2.245;250;147;7.368;5.251;2.117;250;167;11.066;8.774;2.292;
314;877;508;31.152;22.513;8.639133;69;6.777;5.474;1.303;244;123;6.728;4.567;2.161;250;159;8.94;6.506;2.434;250;157;8.707;5.966;2.741;
315;864;480;35.675;27.101;8.574120;64;5.815;4.417;1.398;244;105;9.477;7.076;2.401;250;155;8.517;5.942;2.575;250;156;11.866;9.666;2.2;
316;845;504;40.246;30.168;10.078103;50;6.862;5.762;1.1;242;137;11.073;7.268;3.805;250;154;11.948;9.198;2.75;250;163;10.363;7.94;2.423;
317;849;493;35.527;26.067;9.46111;55;8.898;7.341;1.557;238;135;9.561;6.837;2.724;250;143;6.98;4.543;2.437;250;160;10.088;7.346;2.742;
318;854;493;32.494;24.981;7.513107;56;7.435;6.113;1.322;247;132;8.762;6.536;2.226;250;147;7.594;5.475;2.119;250;158;8.703;6.857;1.846;
319;868;475;36.755;27.584;9.171126;53;6.338;4.77;1.568;242;124;7.608;5.578;2.03;250;144;12.968;9.864;3.104;250;154;9.841;7.372;2.469;
320;865;502;41.356;31.2;10.156120;74;9.32;7.673;1.647;245;129;11.717;9.104;2.613;250;145;9.337;6.372;2.965;250;154;10.982;8.051;2.931;
321;859;506;39.746;28.913;10.833111;62;7.303;5.783;1.52;248;141;9.775;6.992;2.783;250;155;11.108;7.508;3.6;250;148;11.56;8.63;2.93;
322;884;489;47.875;33.373;14.502137;69;8.627;6.825;1.802;247;128;11.801;8.341;3.46;250;149;12.11;7.872;4.238;250;143;15.337;10.335;5.002;
323;901;485;52.804;38.381;14.423152;69;14.017;10.449;3.568;249;124;14.859;10.972;3.887;250;143;12.304;8.462;3.842;250;149;11.624;8.498;3.126;
324;916;487;29.552;20.544;9.008166;68;5.883;4.231;1.652;250;133;8.29;5.745;2.545;250;150;8.167;5.458;2.709;250;136;7.212;5.11;2.102;
325;879;494;28.23;19.763;8.467136;65;5.957;4.544;1.413;243;136;7.956;5.765;2.191;250;148;7.309;4.796;2.513;250;145;7.008;4.658;2.35;
326;904;524;32.369;23.459;8.91154;67;6.041;4.353;1.688;250;145;9.993;7.363;2.63;250;158;8.496;5.801;2.695;250;154;7.839;5.942;1.897;
327;900;511;29.382;20.745;8.637159;81;7.981;6.189;1.792;241;136;6.738;4.518;2.22;250;143;7.276;4.796;2.48;250;151;7.387;5.242;2.145;
328;908;526;33.612;23.522;10.09164;83;9.142;6.916;2.226;244;127;9.225;6.659;2.566;250;161;8.122;5.175;2.947;250;155;7.123;4.772;2.351;
329;894;491;36.036;25.302;10.734151;81;11.486;8.71;2.776;243;134;9.691;6.853;2.838;250;139;6.613;4.364;2.249;250;137;8.246;5.375;2.871;
330;867;432;43.76;31.782;11.978123;63;11.289;8.928;2.361;244;114;12.76;8.833;3.927;250;133;10.207;7.124;3.083;250;122;9.504;6.897;2.607;
331;856;491;37.448;28.672;8.776116;57;7.554;6.322;1.232;240;145;11.856;8.796;3.06;250;144;9.149;6.824;2.325;250;145;8.889;6.73;2.159;
332;868;503;34.15;25.126;9.024125;59;5.878;4.475;1.403;243;140;8.434;5.432;3.002;250;153;11.309;8.738;2.571;250;151;8.529;6.481;2.048;
333;893;534;44.886;33.472;11.414149;75;11.471;9.736;1.735;244;140;11.995;8.968;3.027;250;155;10.882;7.047;3.835;250;164;10.538;7.721;2.817;
334;908;536;29.575;20.16;9.415163;84;6.76;4.88;1.88;245;143;7.047;4.524;2.523;250;148;7.891;5.665;2.226;250;161;7.877;5.091;2.786;
335;906;515;33.292;24.347;8.945156;81;9.503;7.623;1.88;250;134;8.21;5.896;2.314;250;137;8.976;6.213;2.763;250;163;6.603;4.615;1.988;
336;896;505;45.376;36.407;8.969154;80;10.292;8.539;1.753;242;126;16.839;14.109;2.73;250;145;9.724;7.326;2.398;250;154;8.521;6.433;2.088;
337;904;550;34.69;25.791;8.899155;81;9.779;7.595;2.184;249;138;9.221;6.882;2.339;250;160;7.787;5.467;2.32;250;171;7.903;5.847;2.056;
338;895;543;29.525;20.962;8.563147;87;7.553;5.925;1.628;248;139;6.606;4.53;2.076;250;146;6.719;4.129;2.59;250;171;8.647;6.378;2.269;
339;883;536;29.782;21.625;8.157138;83;6.337;4.612;1.725;245;152;7.194;5.02;2.174;250;138;8.943;6.658;2.285;250;163;7.308;5.335;1.973;
340;922;537;31.16;20.824;10.336175;92;7.076;4.263;2.813;247;139;8.433;6.138;2.295;250;143;8.783;5.492;3.291;250;163;6.868;4.931;1.937;
341;904;530;32.048;23.534;8.514154;90;8.038;6.295;1.743;250;129;8.234;5.866;2.368;250;150;8.182;5.863;2.319;250;161;7.594;5.51;2.084;
342;895;528;38.674;29.674;9149;77;11.701;9.51;2.191;246;134;10.578;8.209;2.369;250;148;8.576;6.184;2.392;250;169;7.819;5.771;2.048;
343;866;520;29.568;21.018;8.55122;67;6.304;4.958;1.346;244;144;6.771;4.59;2.181;250;147;7.792;5.065;2.727;250;162;8.701;6.405;2.296;
344;912;512;30.896;23.322;7.574162;74;6.882;5.45;1.432;250;139;7.782;5.788;1.994;250;136;7.858;5.602;2.256;250;163;8.374;6.482;1.892;
345;896;499;29.898;21.33;8.568150;75;5.792;4.17;1.622;246;132;8.394;6.156;2.238;250;132;8.136;5.737;2.399;250;160;7.576;5.267;2.309;
346;882;512;32.634;23.042;9.592132;71;7.039;5.39;1.649;250;131;9.734;6.588;3.146;250;143;7.799;5.31;2.489;250;167;8.062;5.754;2.308;
347;902;556;28.678;20.691;7.987154;81;5.913;4.347;1.566;248;152;6.701;4.517;2.184;250;150;8.419;6.169;2.25;250;173;7.645;5.658;1.987;
348;907;543;29.963;21.858;8.105161;88;6.374;4.644;1.73;246;145;7.281;5.161;2.12;250;140;9.026;6.726;2.3;250;170;7.282;5.327;1.955;
349;926;529;34.024;22.634;11.39176;92;10.356;6.062;4.294;250;139;8.083;5.647;2.436;250;135;7.705;5.125;2.58;250;163;7.88;5.8;2.08;
350;890;512;28.794;19.751;9.043143;75;6.145;4.112;2.033;247;141;7.239;4.882;2.357;250;125;7.43;5.087;2.343;250;171;7.98;5.67;2.31;
351;912;508;36.046;26.136;9.91162;73;9.921;7.878;2.043;250;136;9.838;6.945;2.893;250;135;8.816;6.117;2.699;250;164;7.471;5.196;2.275;
352;886;475;32.043;23.11;8.933138;56;8.251;6.699;1.552;248;139;7.918;5.19;2.728;250;128;8.529;6.128;2.401;250;152;7.345;5.093;2.252;
353;899;536;34.264;25.246;9.018151;74;11.543;9.919;1.624;250;161;6.751;4.573;2.178;248;139;7.462;4.455;3.007;250;162;8.508;6.299;2.209;
354;885;517;38.584;29.256;9.328141;76;6.614;5.131;1.483;245;146;8.971;6.077;2.894;249;145;11.49;8.815;2.675;250;150;11.509;9.233;2.276;
355;884;486;30.454;22.548;7.906139;79;6.682;5.324;1.358;250;138;8.297;5.937;2.36;245;129;7.135;5.069;2.066;250;140;8.34;6.218;2.122;
356;893;493;30.723;21.418;9.305149;73;6.104;4.627;1.477;250;144;8.744;5.848;2.896;244;132;7.086;4.741;2.345;250;144;8.789;6.202;2.587;
357;919;521;34.314;25.368;8.946170;80;7.545;5.726;1.819;250;149;9.347;6.998;2.349;249;146;7.078;4.672;2.406;250;146;10.344;7.972;2.372;
358;899;504;33.182;24.35;8.832151;77;9.158;7.234;1.924;250;157;9.151;6.668;2.483;248;125;8.21;5.838;2.372;250;145;6.663;4.61;2.053;
359;915;524;61.442;26.85;34.592169;76;10.326;6.39;3.936;250;156;34.058;7.587;26.471;246;135;7.254;5.102;2.152;250;157;9.804;7.771;2.033;
360;911;534;29.603;19.87;9.733168;77;6.503;4.371;2.132;250;165;6.884;4.54;2.344;243;135;7.714;4.826;2.888;250;157;8.502;6.133;2.369;
361;912;528;37.204;24.538;12.666170;82;9.041;7.061;1.98;250;155;8.486;5.578;2.908;242;137;8.418;6.022;2.396;250;154;11.259;5.877;5.382;
362;911;521;67.457;49.149;18.308164;88;14.514;11.359;3.155;248;147;18.27;12.155;6.115;249;131;17.553;12.87;4.683;250;155;17.12;12.765;4.355;
363;914;534;29.694;21.025;8.669169;84;6.493;4.892;1.601;250;150;7.015;4.642;2.373;245;146;8.03;5.663;2.367;250;154;8.156;5.828;2.328;
364;907;544;35.554;24.93;10.624163;84;8.293;6.233;2.06;247;155;9.7;6.724;2.976;247;141;8.522;5.511;3.011;250;164;9.039;6.462;2.577;
365;912;539;30.18;22.124;8.056168;86;7.956;6.301;1.655;250;152;7.348;5.247;2.101;244;143;7.983;5.853;2.13;250;158;6.893;4.723;2.17;
366;908;539;33.287;24.13;9.157160;86;6.352;4.521;1.831;250;150;10.395;7.706;2.689;248;145;7.845;5.415;2.43;250;158;8.695;6.488;2.207;
367;917;526;34.775;25.178;9.597167;84;8.589;6.532;2.057;250;147;9.482;7.072;2.41;250;131;8.646;5.715;2.931;250;164;8.058;5.859;2.199;
368;924;541;34.707;24.424;10.283174;84;9.668;7.352;2.316;250;156;8.704;5.94;2.764;250;153;8.066;5.351;2.715;250;148;8.269;5.781;2.488;
369;914;556;29.235;20.245;8.99164;84;7.233;5.132;2.101;250;165;7.367;5.062;2.305;250;146;7.729;5.337;2.392;250;161;6.906;4.714;2.192;
370;909;540;31.009;21.931;9.078159;83;7.746;5.899;1.847;250;143;7.485;5.082;2.403;250;156;7.678;5.273;2.405;250;158;8.1;5.677;2.423;
371;896;532;38.141;26.607;11.534147;67;6.776;4.835;1.941;250;156;8.454;5.368;3.086;249;154;11.864;8.652;3.212;250;155;11.047;7.752;3.295;
372;893;381;46.167;36.009;10.158143;55;12.709;10.655;2.054;250;129;12.543;9.337;3.206;250;92;9.991;7.303;2.688;250;105;10.924;8.714;2.21;
373;869;535;58.704;41.095;17.609119;64;18.154;12.327;5.827;250;162;20.053;14.263;5.79;250;157;10.454;7.183;3.271;250;152;10.043;7.322;2.721;
374;894;523;53.358;39.538;13.82144;66;6.707;5.094;1.613;250;159;13.441;8.906;4.535;250;144;17.935;13.492;4.443;250;154;15.275;12.046;3.229;
375;893;526;65.999;46.794;19.205143;76;14.673;11.531;3.142;250;149;17.921;12.338;5.583;250;142;16.965;11.6;5.365;250;159;16.44;11.325;5.115;
376;903;533;56.935;43.604;13.331153;76;14.79;10.919;3.871;250;151;15.757;12.041;3.716;250;150;15.981;12.322;3.659;250;156;10.407;8.322;2.085;
377;902;511;34.412;25.023;9.389152;78;6.525;4.312;2.213;250;152;7.314;4.962;2.352;250;148;10.918;8.499;2.419;250;133;9.655;7.25;2.405;
378;906;540;31.1;22.616;8.484156;81;6.424;4.922;1.502;250;145;6.824;4.593;2.231;250;162;10.612;8.161;2.451;250;152;7.24;4.94;2.3;
379;920;521;29.034;20.065;8.969170;83;6.426;4.747;1.679;250;154;7.408;4.693;2.715;250;138;7.89;5.618;2.272;250;146;7.31;5.007;2.303;
380;889;505;36.481;27.215;9.266139;83;9.744;8.048;1.696;250;142;10.764;7.964;2.8;250;133;6.961;4.591;2.37;250;147;9.012;6.612;2.4;
381;916;524;31.348;23.266;8.082166;79;6.024;4.483;1.541;250;146;8.854;6.428;2.426;250;148;8.977;6.828;2.149;250;151;7.493;5.527;1.966;
382;905;511;38.304;28.048;10.256155;79;8.178;6.464;1.714;250;143;11.113;7.922;3.191;250;153;10.427;7.396;3.031;250;136;8.586;6.266;2.32;
383;879;549;35.071;26.039;9.032129;80;8.067;6.644;1.423;250;144;9.623;7.239;2.384;250;165;7.639;5.186;2.453;250;160;9.742;6.97;2.772;
384;897;519;33.985;24.346;9.639147;67;5.646;4.2;1.446;250;153;10.382;7.587;2.795;250;140;9.276;6.297;2.979;250;159;8.681;6.262;2.419;
385;924;513;36.875;26.608;10.267176;76;9.445;7.179;2.266;248;143;8.94;6.537;2.403;250;146;10.381;8.018;2.363;250;148;8.109;4.874;3.235;
386;913;536;37.299;26.44;10.859163;98;6.636;4.677;1.959;250;142;13.561;9.496;4.065;250;157;8.384;5.911;2.473;250;139;8.718;6.356;2.362;
387;920;540;31.658;21.873;9.785170;89;6.272;4.35;1.922;250;147;8.624;5.947;2.677;250;160;8.733;5.711;3.022;250;144;8.029;5.865;2.164;
388;898;496;40.791;30.927;9.864148;80;6.553;4.811;1.742;250;128;14.856;12.459;2.397;250;148;8.989;6.184;2.805;250;140;10.393;7.473;2.92;
389;890;482;30.889;22.098;8.791143;72;6.568;5.019;1.549;247;120;6.933;4.721;2.212;250;150;8.628;5.749;2.879;250;140;8.76;6.609;2.151;
390;913;487;34.034;24.631;9.403163;63;8.082;6.189;1.893;250;127;9.278;6.92;2.358;250;151;9.343;6.453;2.89;250;146;7.331;5.069;2.262;
391;903;531;46.685;33.652;13.033153;76;12.573;9.038;3.535;250;140;13.625;9.778;3.847;250;164;10.509;7.393;3.116;250;151;9.978;7.443;2.535;
392;925;510;43.743;31.619;12.124175;77;10.101;7.589;2.512;250;128;11.573;8.636;2.937;250;148;11.246;7.394;3.852;250;157;10.823;8;2.823;
393;927;547;43.02;31.252;11.768177;87;14.657;11.805;2.852;250;135;12.04;8.41;3.63;250;162;8.777;5.975;2.802;250;163;7.546;5.062;2.484;
394;928;552;30.46;20.776;9.684178;91;6.615;4.542;2.073;250;144;8.934;6.041;2.893;250;154;7.653;4.977;2.676;250;163;7.258;5.216;2.042;
395;929;541;30.182;19.797;10.385179;92;6.557;4.884;1.673;250;130;8.122;4.731;3.391;250;153;7.671;5.036;2.635;250;166;7.832;5.146;2.686;
396;911;534;35.086;24.545;10.541161;83;10.747;8.719;2.028;250;133;9.355;5.779;3.576;250;147;7.275;5.02;2.255;250;171;7.709;5.027;2.682;
397;940;516;32.318;20.914;11.404190;79;6.77;4.925;1.845;250;130;10.076;5.772;4.304;250;143;7.359;5.118;2.241;250;164;8.113;5.099;3.014;
398;942;543;42.57;30.005;12.565192;93;7.411;5.051;2.36;250;128;9.308;6.818;2.49;250;160;12.266;8.458;3.808;250;162;13.585;9.678;3.907;
399;938;518;42.508;30.11;12.398188;93;7.025;4.203;2.822;250;115;11.757;8.899;2.858;250;159;11.787;8.517;3.27;250;151;11.939;8.491;3.448;
400;937;513;35.644;25.157;10.487187;91;7.033;4.476;2.557;250;114;9.878;7.42;2.458;250;148;9.195;6.177;3.018;250;160;9.538;7.084;2.454;
401;937;523;35.206;25.49;9.716187;90;6.095;4.24;1.855;250;128;8.386;5.917;2.469;250;144;7.667;4.962;2.705;250;161;13.058;10.371;2.687;
402;944;542;39.549;25.564;13.985194;92;8.784;5.593;3.191;250;123;10.28;6.507;3.773;250;162;8.572;5.505;3.067;250;165;11.913;7.959;3.954;
403;937;523;44.911;34.659;10.252187;89;6.141;4.311;1.83;250;118;12.637;10.265;2.372;250;147;15.406;12.463;2.943;250;169;10.727;7.62;3.107;
404;943;527;41.255;30.544;10.711193;85;6.898;4.408;2.49;250;125;8.307;5.683;2.624;250;152;15.539;13.248;2.291;250;165;10.511;7.205;3.306;
405;925;528;50.562;38.21;12.352175;90;8.003;5.7;2.303;250;134;16.325;11.692;4.633;250;145;10.182;7.732;2.45;250;159;16.052;13.086;2.966;
406;948;534;48.985;38.455;10.53199;95;13.393;10.879;2.514;249;124;16.299;13.047;3.252;250;150;11.061;8.355;2.706;250;165;8.232;6.174;2.058;
407;944;535;29.925;19.357;10.568194;100;6.524;4.63;1.894;250;129;8.065;4.673;3.392;250;140;7.256;4.917;2.339;250;166;8.08;5.137;2.943;
408;952;535;30.297;21.04;9.257205;90;6.396;4.23;2.166;247;125;8.242;5.941;2.301;250;153;7.557;5.055;2.502;250;167;8.102;5.814;2.288;
409;954;540;30.603;21.483;9.12204;89;7.326;5.204;2.122;250;127;8.135;5.805;2.33;250;155;7.945;5.621;2.324;250;169;7.197;4.853;2.344;
410;952;518;30.805;21.615;9.19202;89;7.857;5.819;2.038;250;133;7.965;5.533;2.432;250;140;7.552;5.151;2.401;250;156;7.431;5.112;2.319;
411;952;532;47.161;34.151;13.01202;97;14.37;11.475;2.895;250;116;10.47;6.689;3.781;250;148;10.851;7.177;3.674;250;171;11.47;8.81;2.66;
412;962;533;40.762;30.364;10.398212;96;7.547;5.285;2.262;250;124;10.651;7.426;3.225;250;146;13.528;10.907;2.621;250;167;9.036;6.746;2.29;
413;963;476;38.72;27.653;11.067213;93;10.499;8.354;2.145;250;112;8.523;4.545;3.978;250;125;10.489;8.078;2.411;250;146;9.209;6.676;2.533;
414;964;539;46.583;32.02;14.563214;105;11.773;8.553;3.22;250;120;17.095;10.843;6.252;250;153;8.617;5.89;2.727;250;161;9.098;6.734;2.364;
415;960;576;37.94;27.165;10.775210;117;10.538;7.088;3.45;250;128;9.005;6.508;2.497;250;162;9.52;6.897;2.623;250;169;8.877;6.672;2.205;
416;958;567;54.685;38.757;15.928208;96;10.346;7.452;2.894;250;136;15.574;12.145;3.429;250;162;12.216;7.721;4.495;250;173;16.549;11.439;5.11;
417;957;550;52.757;36.139;16.618207;99;12.153;9.23;2.923;250;129;11.85;6.986;4.864;250;155;16.351;11.06;5.291;250;167;12.403;8.863;3.54;
418;954;556;29.352;20.159;9.193204;105;6.714;4.641;2.073;250;128;7.17;4.861;2.309;250;154;8.15;5.678;2.472;250;169;7.318;4.979;2.339;
419;964;572;31.792;22.619;9.173214;125;7.214;5.107;2.107;250;128;7.931;5.589;2.342;250;162;7.216;4.987;2.229;250;157;9.431;6.936;2.495;
420;952;521;69.346;47.191;22.155203;103;14.468;10.131;4.337;249;124;21.018;13.211;7.807;250;138;17.536;11.872;5.664;250;156;16.324;11.977;4.347;
421;968;547;54.763;37.626;17.137220;116;10.74;7.653;3.087;248;118;12.588;8.199;4.389;250;147;15.686;10.617;5.069;250;166;15.749;11.157;4.592;
422;976;544;45.505;32.562;12.943226;117;13.842;10.741;3.101;250;126;12.21;7.728;4.482;250;143;10.476;7.468;3.008;250;158;8.977;6.625;2.352;
423;962;519;34.178;24.981;9.197212;106;8.436;6.313;2.123;250;121;9.389;6.895;2.494;250;137;8.327;5.804;2.523;250;155;8.026;5.969;2.057;
424;974;539;33.055;22.862;10.193224;104;6.369;4.227;2.142;250;120;7.403;4.533;2.87;250;152;9.877;7.209;2.668;250;163;9.406;6.893;2.513;
425;968;547;32.871;22.847;10.024219;118;6.362;4.232;2.13;250;130;8.546;5.658;2.888;249;142;8.772;6.225;2.547;250;157;9.191;6.732;2.459;
426;960;553;46.344;34.279;12.065218;113;8.642;5.96;2.682;245;138;13.985;10.566;3.419;247;141;11.534;8.289;3.245;250;161;12.183;9.464;2.719;
427;964;539;29.499;20.318;9.181222;108;6.814;4.666;2.148;245;133;7.594;5.298;2.296;247;138;7.002;4.674;2.328;250;160;8.089;5.68;2.409;
428;962;555;36.899;27.27;9.629217;125;8.862;6.737;2.125;247;134;9.656;7.246;2.41;248;135;9.264;6.809;2.455;250;161;9.117;6.478;2.639;
429;963;515;34.323;24.295;10.028215;116;8.051;5.315;2.736;250;109;11.318;8.801;2.517;248;132;7.676;5.454;2.222;250;158;7.278;4.725;2.553;
430;954;511;31.989;21.348;10.641206;107;7.526;4.957;2.569;250;121;7.269;4.893;2.376;248;131;6.907;4.451;2.456;250;152;10.287;7.047;3.24;
431;968;535;36.807;26.983;9.824218;116;9.234;6.856;2.378;250;122;9.507;6.842;2.665;250;142;8.428;5.908;2.52;250;155;9.638;7.377;2.261;
432;971;545;33.91;23.908;10.002221;117;7.16;5.109;2.051;250;129;8.468;5.862;2.606;250;147;9.152;6.362;2.79;250;152;9.13;6.575;2.555;
433;968;557;34.331;24.128;10.203220;126;6.499;4.312;2.187;250;132;8.916;6.035;2.881;248;146;10.296;7.668;2.628;250;153;8.62;6.113;2.507;
434;947;517;43.853;30.539;13.314199;106;11.645;8.506;3.139;250;129;11.663;7.693;3.97;248;132;8.889;5.803;3.086;250;150;11.656;8.537;3.119;
435;950;523;31.117;22.252;8.865200;100;7.846;5.773;2.073;250;127;7.697;5.273;2.424;250;136;7.937;5.693;2.244;250;160;7.637;5.513;2.124;
436;932;525;28.225;19.223;9.002182;89;6.045;4.279;1.766;250;129;6.813;4.414;2.399;250;155;8.028;5.511;2.517;250;152;7.339;5.019;2.32;
437;955;511;46.327;32.382;13.945205;99;9.399;6.435;2.964;250;121;12.768;9.039;3.729;250;138;12.481;8.771;3.71;250;153;11.679;8.137;3.542;
438;967;527;38.278;28.811;9.467217;115;8.539;6.487;2.052;250;127;9.141;6.848;2.293;250;136;11.414;8.424;2.99;250;149;9.184;7.052;2.132;
439;954;563;33.252;22.488;10.764204;116;9.366;7.077;2.289;250;128;9.5;5.991;3.509;250;151;6.962;4.469;2.493;250;168;7.424;4.951;2.473;
440;958;533;47.82;34.838;12.982208;113;9.833;6.794;3.039;250;123;11.174;7.729;3.445;250;140;14.716;11.281;3.435;250;157;12.097;9.034;3.063;
441;958;534;66.313;47.421;18.892208;122;15.703;11.223;4.48;250;122;17.905;12.477;5.428;250;142;16.711;11.616;5.095;250;148;15.994;12.105;3.889;
442;963;541;29.914;20.07;9.844213;119;6.593;4.184;2.409;250;131;7.938;5.393;2.545;250;149;7.171;4.653;2.518;250;142;8.212;5.84;2.372;
443;923;555;43.444;29.585;13.859173;97;8.523;6.254;2.269;250;136;12.143;7.399;4.744;250;166;10.077;6.763;3.314;250;156;12.701;9.169;3.532;
444;958;518;46.093;33.015;13.078208;96;10.242;8.073;2.169;250;134;12.99;9.172;3.818;250;144;10.616;6.916;3.7;250;144;12.245;8.854;3.391;
445;942;545;31.193;21.396;9.797192;115;7.584;4.953;2.631;250;127;7.587;5.283;2.304;250;153;7.178;4.448;2.73;250;150;8.844;6.712;2.132;
446;951;507;32.552;22.171;10.381201;99;6.581;4.149;2.432;250;110;8.294;5.972;2.322;250;145;8.34;5.173;3.167;250;153;9.337;6.877;2.46;
447;946;526;37.165;27.076;10.089196;108;6.625;4.731;1.894;250;125;8.115;5.292;2.823;250;144;11.398;8.82;2.578;250;149;11.027;8.233;2.794;
448;944;503;39.201;26.906;12.295194;93;6.22;4.255;1.965;250;119;8.297;5.846;2.451;250;146;14.112;8.361;5.751;250;145;10.572;8.444;2.128;
449;953;545;44.272;30.455;13.817203;115;10.144;6.16;3.984;250;127;10.784;7.288;3.496;250;151;11.278;8.418;2.86;250;152;12.066;8.589;3.477;
450;952;523;31.301;22.073;9.228202;112;8.713;6.446;2.267;250;117;7.546;4.81;2.736;250;148;8.188;6.005;2.183;250;146;6.854;4.812;2.042;
451;956;525;29.418;20.635;8.783206;107;6.561;4.611;1.95;250;117;8.137;5.758;2.379;250;143;7.238;4.862;2.376;250;158;7.482;5.404;2.078;
452;919;522;30.644;21.539;9.105169;96;7.176;5.205;1.971;250;114;8.449;5.99;2.459;250;150;7.723;5.197;2.526;250;162;7.296;5.147;2.149;
453;897;537;31.054;22.45;8.604147;83;7.566;5.785;1.781;250;128;8.077;5.792;2.285;250;166;6.656;4.473;2.183;250;160;8.755;6.4;2.355;
454;918;464;28.562;19.511;9.051168;75;8.02;5.19;2.83;250;111;6.902;4.733;2.169;250;130;6.344;4.317;2.027;250;148;7.296;5.271;2.025;
455;913;537;30.036;20.436;9.6163;94;6.895;4.619;2.276;250;119;7.002;4.577;2.425;250;164;9.402;6.639;2.763;250;160;6.737;4.601;2.136;
456;921;547;34.36;24.81;9.55171;85;8.29;5.946;2.344;250;131;8.02;5.727;2.293;250;157;7.749;5.053;2.696;250;174;10.301;8.084;2.217;
457;936;540;31.078;21.852;9.226186;97;7.181;5.129;2.052;250;118;6.915;4.634;2.281;250;160;8.687;5.786;2.901;250;165;8.295;6.303;1.992;
458;918;517;29.885;21.138;8.747168;95;6.248;4.577;1.671;250;118;8.25;6.012;2.238;250;153;6.9;4.374;2.526;250;151;8.487;6.175;2.312;
459;917;504;34.581;25.121;9.46167;92;7.589;5.514;2.075;250;117;9.852;7.356;2.496;250;150;8.335;5.943;2.392;250;145;8.805;6.308;2.497;
460;912;505;28.894;19.33;9.564162;88;6.059;4.031;2.028;250;115;6.95;4.757;2.193;250;153;8.228;5.279;2.949;250;149;7.657;5.263;2.394;
461;888;490;34.044;24.694;9.35138;80;7.616;6.112;1.504;250;120;7.943;5.094;2.849;250;152;9.475;6.977;2.498;250;138;9.01;6.511;2.499;
462;894;494;30.991;22.384;8.607144;75;6.361;4.875;1.486;250;125;7.827;5.439;2.388;250;149;8.979;6.312;2.667;250;145;7.824;5.758;2.066;
463;884;485;30.638;22.842;7.796134;70;6.533;5.107;1.426;250;116;9.089;6.885;2.204;250;143;6.668;4.49;2.178;250;156;8.348;6.36;1.988;
464;887;503;34.164;25.413;8.751137;67;6.707;5.333;1.374;250;137;10.05;7.457;2.593;250;152;7.67;5.401;2.269;250;147;9.737;7.222;2.515;
465;886;481;37.329;27.325;10.004136;73;8.156;6.194;1.962;250;114;10.677;7.798;2.879;250;145;9.608;7.187;2.421;250;149;8.888;6.146;2.742;
466;856;471;36.09;28.348;7.742106;62;8.189;6.865;1.324;250;115;9.792;7.676;2.116;250;138;10.523;8.282;2.241;250;156;7.586;5.525;2.061;
467;846;475;30.395;22.031;8.36496;48;6.093;5.033;1.06;250;126;9.016;6.201;2.815;250;151;7.324;5.121;2.203;250;150;7.962;5.676;2.286;
468;867;470;27.092;18.654;8.438117;50;5.915;4.728;1.187;250;115;6.994;4.897;2.097;250;144;7.34;4.285;3.055;250;161;6.843;4.744;2.099;
469;879;488;31.41;23.245;8.165129;63;6.272;4.957;1.315;250;120;7.616;5.44;2.176;250;158;7.431;5.115;2.316;250;147;10.091;7.733;2.358;
470;851;482;30.135;22.305;7.83101;63;5.513;4.423;1.09;250;118;8.512;6.356;2.156;250;148;8.963;6.356;2.607;250;153;7.147;5.17;1.977;
471;877;487;30.332;21.669;8.663128;61;5.975;4.639;1.336;250;115;7.783;5.575;2.208;249;147;8.102;4.968;3.134;250;164;8.472;6.487;1.985;
472;872;509;30.276;21.555;8.721122;68;7.486;6.044;1.442;250;132;8.324;5.326;2.998;250;148;7.243;5.15;2.093;250;161;7.223;5.035;2.188;
473;922;545;35.587;25.84;9.747172;81;6.663;4.862;1.801;250;144;13.805;10.702;3.103;250;160;7.84;5.182;2.658;250;160;7.279;5.094;2.185;
474;924;523;45.474;33.724;11.75174;87;11.76;9.021;2.739;250;127;12.874;9.242;3.632;250;149;9.029;6.513;2.516;250;160;11.811;8.948;2.863;
475;906;519;32.568;23.03;9.538156;92;6.79;4.779;2.011;250;121;10.746;8.148;2.598;250;145;8.247;5.409;2.838;250;161;6.785;4.694;2.091;
476;936;515;31.583;21.822;9.761186;83;7.021;5.031;1.99;250;120;7.335;4.967;2.368;250;152;7.683;4.364;3.319;250;160;9.544;7.46;2.084;
477;921;544;29.367;20.427;8.94174;90;7.268;5.539;1.729;250;126;8.054;5.839;2.215;247;157;7.179;4.269;2.91;250;171;6.866;4.78;2.086;
478;947;533;29.231;20.625;8.606200;89;8.507;6.503;2.004;250;120;7.327;5.138;2.189;247;160;6.832;4.368;2.464;250;164;6.565;4.616;1.949;
479;950;538;30.369;20.579;9.79200;101;7.772;5.01;2.762;250;120;8.702;6.406;2.296;250;153;7.287;4.64;2.647;250;164;6.608;4.523;2.085;
480;950;534;32.32;22.221;10.099200;95;7.714;4.598;3.116;250;118;8.833;6.458;2.375;250;158;8.389;5.902;2.487;250;163;7.384;5.263;2.121;
481;967;553;30.884;19.886;10.998220;96;7.795;4.703;3.092;250;126;7.67;5.001;2.669;247;162;6.538;4.174;2.364;250;169;8.881;6.008;2.873;
482;969;564;31.482;22.343;9.139219;116;8.375;6.253;2.122;250;132;7.811;5.291;2.52;250;146;8.434;6.186;2.248;250;170;6.862;4.613;2.249;
483;972;562;31.529;21.747;9.782226;116;6.699;4.512;2.187;250;127;10.034;7.033;3.001;246;154;7.373;4.963;2.41;250;165;7.423;5.239;2.184;
484;962;600;53.166;39.589;13.577212;129;12.577;8.248;4.329;250;145;20.672;16.704;3.968;250;166;11.116;8.257;2.859;250;160;8.801;6.38;2.421;
485;975;584;43.473;31.367;12.106225;117;7.204;4.231;2.973;250;144;15.24;11.949;3.291;250;163;10.047;7.199;2.848;250;160;10.982;7.988;2.994;
486;978;597;37.871;25.025;12.846228;123;12.913;9.575;3.338;250;137;10.471;6.435;4.036;250;172;6.844;4.335;2.509;250;165;7.643;4.68;2.963;
487;974;584;34.715;24.216;10.499224;116;7.079;4.708;2.371;250;134;10.91;8.093;2.817;250;163;9.361;6.207;3.154;250;171;7.365;5.208;2.157;
488;980;554;32.302;21.843;10.459230;110;6.447;4.097;2.35;250;141;9.155;6.595;2.56;250;152;7.836;5.375;2.461;250;151;8.864;5.776;3.088;
489;978;608;39.408;27.927;11.481228;136;10.077;7.443;2.634;250;141;9.348;6.671;2.677;250;168;9.756;6.767;2.989;250;163;10.227;7.046;3.181;
490;980;595;36.033;24.632;11.401230;130;8.158;4.736;3.422;250;131;11.819;8.871;2.948;250;163;8.124;5.613;2.511;250;171;7.932;5.412;2.52;
491;986;610;34.543;23.17;11.373236;132;7.287;4.886;2.401;250;143;9.954;6.63;3.324;250;157;7.863;5.379;2.484;250;178;9.439;6.275;3.164;
492;979;590;63.455;44.194;19.261229;119;11.542;7.493;4.049;250;132;17.643;13.295;4.348;250;159;15.859;9.789;6.07;250;180;18.411;13.617;4.794;
493;985;553;36.695;26.029;10.666235;117;9.446;6.162;3.284;250;127;10.631;7.955;2.676;250;138;8.915;6.531;2.384;250;171;7.703;5.381;2.322;
494;973;618;30.859;21.468;9.391223;129;6.129;3.924;2.205;250;142;9.759;7.27;2.489;250;172;7.401;4.93;2.471;250;175;7.57;5.344;2.226;
495;974;549;28.799;19.088;9.711224;107;7.719;5.093;2.626;250;126;7.483;5.145;2.338;250;161;6.752;4.224;2.528;250;155;6.845;4.626;2.219;
496;982;641;32.37;23.145;9.225232;138;6.412;4.094;2.318;250;151;10.887;8.422;2.465;250;178;7.293;5.059;2.234;250;174;7.778;5.57;2.208;
497;982;617;29.741;19.969;9.772233;141;7.596;4.765;2.831;250;138;8.366;5.911;2.455;249;165;6.495;4.214;2.281;250;173;7.284;5.079;2.205;
498;983;642;41.691;27.901;13.79233;146;10.205;6.474;3.731;250;164;15.911;11.228;4.683;250;167;8.702;5.489;3.213;250;165;6.873;4.71;2.163;
499;975;625;30.728;21.616;9.112225;145;8.672;6.302;2.37;250;167;9.02;6.779;2.241;250;156;6.752;4.386;2.366;250;157;6.284;4.149;2.135;
500;973;619;36.436;25.394;11.042223;133;8.427;6.104;2.323;250;144;11.203;7.343;3.86;250;166;7.995;5.358;2.637;250;176;8.811;6.589;2.222;
501;972;620;31.903;22.509;9.394222;121;8.085;5.631;2.454;250;171;9.622;6.884;2.738;250;164;7.667;5.513;2.154;250;164;6.529;4.481;2.048;
502;978;621;36.587;25.823;10.764228;118;7.411;5.212;2.199;250;153;9.154;6.221;2.933;250;172;12.083;8.889;3.194;250;178;7.939;5.501;2.438;
503;978;630;45.021;31.68;13.341228;142;10.946;7.537;3.409;250;155;14.335;10.319;4.016;250;164;10.474;7.292;3.182;250;169;9.266;6.532;2.734;
504;980;664;32.264;22.586;9.678230;151;10.202;7.31;2.892;250;168;8.37;5.935;2.435;250;167;6.396;4.258;2.138;250;178;7.296;5.083;2.213;
505;974;665;30.278;20.754;9.524224;150;6.91;4.36;2.55;250;175;9.052;6.859;2.193;250;171;7.269;4.927;2.342;250;169;7.047;4.608;2.439;
506;976;665;32.784;22.631;10.153226;148;6.963;4.265;2.698;250;175;11.002;8.498;2.504;250;180;7.651;4.912;2.739;250;162;7.168;4.956;2.212;
507;981;617;47.115;33.678;13.437231;126;11.1;7.925;3.175;250;146;13.5;9.253;4.247;250;167;11.157;8.104;3.053;250;178;11.358;8.396;2.962;
508;982;662;43.79;30.622;13.168232;157;14.544;11.12;3.424;250;155;13.814;9.037;4.777;250;175;8.422;5.753;2.669;250;175;7.01;4.712;2.298;
509;981;615;34.466;23.548;10.918231;125;9.446;6.941;2.505;250;145;11.294;7.155;4.139;250;167;7.222;5.059;2.163;250;178;6.504;4.393;2.111;
510;983;603;34.003;24.26;9.743233;121;9.795;7.311;2.484;250;145;8.542;5.924;2.618;250;156;8.856;6.295;2.561;250;181;6.81;4.73;2.08;
511;979;642;38.507;27.309;11.198229;140;7.888;5.494;2.394;250;158;10.759;7.407;3.352;250;170;11.712;8.599;3.113;250;174;8.148;5.809;2.339;
512;982;673;35.45;25.515;9.935232;137;10.947;7.999;2.948;250;169;9.096;6.913;2.183;250;188;8.889;6.276;2.613;250;179;6.518;4.327;2.191;
513;986;692;38.283;27.66;10.623236;163;7.922;4.739;3.183;250;169;10.934;8.567;2.367;250;177;11.449;8.654;2.795;250;183;7.978;5.7;2.278;
514;982;688;35.112;24.981;10.131232;149;7.003;4.102;2.901;250;187;11.465;8.97;2.495;250;173;7.717;5.242;2.475;250;179;8.927;6.667;2.26;
515;985;699;38.602;27.843;10.759235;153;10.185;7.055;3.13;250;177;11.124;8.792;2.332;250;173;8.158;5.597;2.561;250;196;9.135;6.399;2.736;
516;984;683;35.369;24.923;10.446234;151;8.218;5.342;2.876;250;164;9.843;7.26;2.583;250;178;7.518;5.286;2.232;250;190;9.79;7.035;2.755;
517;984;707;37.011;26.026;10.985234;162;8.514;5.142;3.372;250;171;10.52;7.844;2.676;250;185;8.413;6.145;2.268;250;189;9.564;6.895;2.669;
518;985;724;30.255;20.559;9.696235;165;8.062;5.376;2.686;250;179;8.208;5.777;2.431;250;181;7.477;5.139;2.338;250;199;6.508;4.267;2.241;
519;985;727;39.267;27.212;12.055235;166;10.107;5.927;4.18;250;184;11.864;8.954;2.91;250;181;8.81;6.248;2.562;250;196;8.486;6.083;2.403;
520;985;730;44.632;31.058;13.574235;159;13.032;7.865;5.167;250;175;12.37;9.317;3.053;250;197;11.952;8.836;3.116;250;199;7.278;5.04;2.238;
521;983;732;34.746;23.902;10.844233;161;8.941;5.187;3.754;250;180;9.177;6.936;2.241;250;195;6.97;4.468;2.502;250;196;9.658;7.311;2.347;
522;984;746;43.712;30.997;12.715234;174;13.919;9.67;4.249;250;175;12.622;9.601;3.021;250;204;9.993;7.08;2.913;250;193;7.178;4.646;2.532;
523;983;772;32.972;23.729;9.243233;177;7.972;5.885;2.087;250;185;8.924;6.683;2.241;250;203;7.8;5.541;2.259;250;207;8.276;5.62;2.656;
524;981;720;34.843;25.26;9.583231;162;9.898;7.003;2.895;250;173;10.863;8.589;2.274;250;196;6.527;4.362;2.165;250;189;7.555;5.306;2.249;
525;981;687;34.91;25.813;9.097231;144;8.848;6.471;2.377;250;170;10.211;7.959;2.252;250;186;7.457;5.245;2.212;250;187;8.394;6.138;2.256;
526;983;715;33.489;22.918;10.571233;157;6.348;3.895;2.453;250;176;10.877;7.927;2.95;250;181;9.173;6.317;2.856;250;201;7.091;4.779;2.312;
527;981;820;37.636;26.344;11.292231;197;9.043;5.981;3.062;250;199;13.017;9.981;3.036;250;206;8.151;5.236;2.915;250;218;7.425;5.146;2.279;
528;984;739;32.218;21.721;10.497234;163;8.5;5.406;3.094;250;182;8.209;5.706;2.503;250;189;8.223;5.832;2.391;250;205;7.286;4.777;2.509;
529;981;735;39.835;29.453;10.382231;166;7.95;5.222;2.728;250;176;14.639;12.349;2.29;250;190;7.938;4.93;3.008;250;203;9.308;6.952;2.356;
530;983;879;79.052;57.269;21.783233;195;17.235;11.825;5.41;250;223;26.226;20.631;5.595;250;230;17.962;12.537;5.425;250;231;17.629;12.276;5.353;
531;981;818;43.574;28.106;15.468231;187;11.642;6.706;4.936;250;213;10.3;7.858;2.442;250;202;8.259;5.308;2.951;250;216;13.373;8.234;5.139;
532;983;736;64.436;45.763;18.673233;169;16.169;11.049;5.12;250;172;17.746;13.017;4.729;250;197;15.147;10.808;4.339;250;198;15.374;10.889;4.485;
533;985;768;36.959;24.693;12.266235;177;6.824;4.546;2.278;250;179;10.96;8.447;2.513;250;199;10.561;6.03;4.531;250;213;8.614;5.67;2.944;
534;986;918;52.002;38.277;13.725236;223;13.841;10.251;3.59;250;232;15.543;12.054;3.489;250;230;12.049;8.601;3.448;250;233;10.569;7.371;3.198;
535;982;815;36.747;26.687;10.06232;193;7.447;5.068;2.379;250;200;9.878;7.516;2.362;250;203;9.687;7.198;2.489;250;219;9.735;6.905;2.83;
536;985;788;34.635;24.841;9.794235;187;9.128;6.367;2.761;250;198;9.221;6.98;2.241;250;203;8.085;5.544;2.541;250;200;8.201;5.95;2.251;
537;986;761;32.721;22.779;9.942236;173;8.756;5.792;2.964;250;182;9.527;6.993;2.534;250;198;7.171;4.973;2.198;250;208;7.267;5.021;2.246;
538;984;756;32.616;22.875;9.741234;181;6.951;4.661;2.29;250;177;9.734;7.021;2.713;250;196;7.756;5.418;2.338;250;202;8.175;5.775;2.4;
539;985;798;36.717;26.379;10.338235;191;8.97;6.526;2.444;250;193;10.721;8.014;2.707;250;205;7.566;5.167;2.399;250;209;9.46;6.672;2.788;
540;985;750;34.558;24.153;10.405235;169;8.219;5.141;3.078;250;178;10.414;7.917;2.497;250;195;7.787;5.361;2.426;250;208;8.138;5.734;2.404;
541;986;875;37.992;27.686;10.306236;210;10.676;7.396;3.28;250;211;11.475;8.955;2.52;250;221;8.211;5.954;2.257;250;233;7.63;5.381;2.249;
542;987;883;35.754;24.81;10.944237;211;7.516;4.968;2.548;250;219;10.595;7.517;3.078;250;224;9.117;6.745;2.372;250;229;8.526;5.58;2.946;
543;985;777;30.392;20.669;9.723235;180;6.935;4.499;2.436;250;195;8.775;5.935;2.84;250;190;7.432;5.331;2.101;250;212;7.25;4.904;2.346;
544;985;729;36.322;25.039;11.283235;173;7.107;4.614;2.493;250;184;10.469;7.616;2.853;250;180;9.806;6.545;3.261;250;192;8.94;6.264;2.676;
545;983;686;32.967;22.957;10.01233;154;9.232;5.894;3.338;250;171;9.108;6.722;2.386;250;177;8.043;5.852;2.191;250;184;6.584;4.489;2.095;
546;988;655;32.492;22.452;10.04238;139;8.211;5.506;2.705;250;156;7.836;5.376;2.46;250;173;8.886;6.267;2.619;250;187;7.559;5.303;2.256;
547;983;618;51.921;36.069;15.852233;121;12.159;8.746;3.413;250;158;15.122;9.821;5.301;250;159;9.003;5.365;3.638;250;180;15.637;12.137;3.5;
548;987;648;60.658;41.424;19.234237;131;14.35;9.697;4.653;250;168;16.909;12.02;4.889;250;170;14.683;9.357;5.326;250;179;14.716;10.35;4.366;
549;987;637;64.312;44.877;19.435237;139;14.553;9.635;4.918;250;144;19.042;14.018;5.024;250;165;15.824;10.952;4.872;250;189;14.893;10.272;4.621;
550;988;659;37.398;26.527;10.871238;136;9.763;6.124;3.639;250;169;11.994;9.308;2.686;250;163;8.077;5.613;2.464;250;191;7.564;5.482;2.082;
551;993;631;35.65;25.617;10.033243;128;8.324;5.712;2.612;250;151;10.586;7.95;2.636;250;173;9.369;6.922;2.447;250;179;7.371;5.033;2.338;
552;989;651;38.886;28.239;10.647239;132;10.228;7.245;2.983;250;171;11.553;8.934;2.619;250;171;8.279;5.793;2.486;250;177;8.826;6.267;2.559;
553;991;640;54.721;37.468;17.253241;139;10.26;6.083;4.177;250;163;17.359;12.016;5.343;250;160;14.632;11.036;3.596;250;178;12.47;8.333;4.137;
554;994;634;51.888;35.552;16.336244;142;11.665;7.215;4.45;250;161;16.473;12.064;4.409;250;161;12.432;8.772;3.66;250;170;11.318;7.501;3.817;
555;997;621;64.111;46.255;17.856247;143;16.828;12.72;4.108;250;141;20.57;15.002;5.568;250;164;12.294;8.426;3.868;250;173;14.419;10.107;4.312;
556;999;598;50.592;33.284;17.308249;133;8.295;4.569;3.726;250;136;15.174;11.239;3.935;250;160;11.943;8.194;3.749;250;169;15.18;9.282;5.898;
557;997;601;45.755;32.871;12.884247;138;14.715;10.688;4.027;250;142;13.003;9.601;3.402;250;152;7.84;5.403;2.437;250;169;10.197;7.179;3.018;
558;999;582;49.038;32.988;16.05249;132;10.482;6.656;3.826;250;131;12.185;8.006;4.179;250;158;9.898;6.582;3.316;250;161;16.473;11.744;4.729;
559;1000;562;37.85;25.189;12.661250;125;8.02;4.816;3.204;250;138;12.701;9.247;3.454;250;146;10.208;6.506;3.702;250;153;6.921;4.62;2.301;
560;1000;612;81.177;55.395;25.782250;133;22.336;12.094;10.242;250;138;27.693;22.094;5.599;250;165;15.338;10.194;5.144;250;176;15.81;11.013;4.797;
561;1000;585;76.141;49.515;26.626250;128;22.669;12.378;10.291;250;143;20.036;14.636;5.4;250;152;16.844;11.208;5.636;250;162;16.592;11.293;5.299;
562;1000;578;72.042;49.599;22.443250;112;17.377;10.552;6.825;250;151;21.684;16.204;5.48;250;146;15.917;10.575;5.342;250;169;17.064;12.268;4.796;
563;1000;570;78.842;52.248;26.594250;119;18.812;11.276;7.536;250;130;24.09;18.293;5.797;250;147;17.932;11.382;6.55;250;174;18.008;11.297;6.711;
564;1000;600;81.426;54.828;26.598250;135;20.593;15.272;5.321;250;152;21.527;13.922;7.605;250;151;19.433;10.772;8.661;250;162;19.873;14.862;5.011;
565;1000;541;78.831;53.29;25.541250;96;16.814;10.446;6.368;250;143;22.986;14.492;8.494;250;149;22.772;16.864;5.908;250;153;16.259;11.488;4.771;
566;1000;571;87.18;58.825;28.355250;107;23.54;14.392;9.148;250;148;28.023;20.173;7.85;250;146;17.985;11.175;6.81;250;170;17.632;13.085;4.547;
567;1000;605;85.596;62.037;23.559250;119;22.619;16.287;6.332;250;158;25.574;18.544;7.03;250;165;18.143;13.231;4.912;250;163;19.26;13.975;5.285;
568;1000;582;71.735;50.448;21.287250;109;21.456;15.566;5.89;250;158;18.11;12.694;5.416;250;148;16.035;10.965;5.07;250;167;16.134;11.223;4.911;
569;1000;596;39.472;27.114;12.358250;117;8.248;5.618;2.63;250;161;7.858;5.343;2.515;250;147;11.647;7.963;3.684;250;171;11.719;8.19;3.529;
570;1000;595;34.625;23.919;10.706250;107;7.725;5.177;2.548;250;169;10.585;7.777;2.808;250;155;7.087;4.168;2.919;250;164;9.228;6.797;2.431;
571;1000;587;34.612;23.482;11.13250;112;8.511;5.335;3.176;250;156;9.182;6.394;2.788;250;162;8.789;6.133;2.656;250;157;8.13;5.62;2.51;
572;1000;566;45.039;32.6;12.439250;111;12.776;10.067;2.709;250;144;11.783;6.948;4.835;250;146;10.74;8.276;2.464;250;165;9.74;7.309;2.431;
573;1000;602;35.165;24.366;10.799250;116;9.306;6.667;2.639;250;165;11.16;8.472;2.688;250;154;7.714;4.729;2.985;250;167;6.985;4.498;2.487;
574;1000;608;40.569;27.42;13.149250;132;14.765;11.452;3.313;250;156;9.621;5.497;4.124;250;152;8.402;5.659;2.743;250;168;7.781;4.812;2.969;
575;1000;601;37.29;25.311;11.979250;128;11.272;7.577;3.695;250;155;8.44;5.393;3.047;250;152;10.214;7.308;2.906;250;166;7.364;5.033;2.331;
576;1000;619;31.715;21.81;9.905250;133;8.702;6.068;2.634;250;168;7.888;5.55;2.338;250;148;7.936;5.489;2.447;250;170;7.189;4.703;2.486;
577;1000;626;41.872;29.378;12.494250;138;11.481;7.79;3.691;250;160;11.756;8.557;3.199;250;155;9.809;6.788;3.021;250;173;8.826;6.243;2.583;
578;1000;175;32.987;22.242;10.745250;4;8.061;5.504;2.557;250;3;9.082;5.732;3.35;250;29;7.901;5.58;2.321;250;139;7.943;5.426;2.517;
579;1000;568;39.123;26.989;12.134250;104;8.967;6.119;2.848;250;159;9.866;6.589;3.277;250;144;11.109;7.502;3.607;250;161;9.181;6.779;2.402;
580;1000;608;34.238;23.16;11.078250;124;10.059;6.776;3.283;250;176;9.404;6.871;2.533;250;146;7.795;4.819;2.976;250;162;6.98;4.694;2.286;
581;1000;619;33.66;22.676;10.984250;145;7.398;4.851;2.547;250;173;8.678;5.809;2.869;250;149;8.542;5.586;2.956;250;152;9.042;6.43;2.612;
582;1000;640;36.42;25.39;11.03250;139;9.422;6.254;3.168;250;180;7.654;5.073;2.581;250;167;9.453;6.367;3.086;250;154;9.891;7.696;2.195;
583;1000;595;47.52;33.271;14.249250;145;16.164;11.873;4.291;250;175;10.495;7.039;3.456;250;150;9.719;6.248;3.471;250;125;11.142;8.111;3.031;
584;1000;614;34.545;22.689;11.856250;128;9.235;5.871;3.364;250;177;8.078;5.498;2.58;250;157;9.279;5.601;3.678;250;152;7.953;5.719;2.234;
585;1000;630;38.352;26.979;11.373250;147;9.495;6.31;3.185;250;174;10.157;7.517;2.64;250;158;9.607;6.32;3.287;250;151;9.093;6.832;2.261;
586;1000;617;35.424;24.481;10.943250;133;8.553;5.868;2.685;250;174;10.275;7.233;3.042;250;158;8.35;5.761;2.589;250;152;8.246;5.619;2.627;
587;1000;663;37.997;25.258;12.739250;151;10.196;6.653;3.543;250;179;10.449;6.729;3.72;250;163;7.927;5.342;2.585;250;170;9.425;6.534;2.891;
588;997;651;45.065;32.056;13.009250;159;10.028;6.157;3.871;247;167;12.483;8.99;3.493;250;150;12.706;9.326;3.38;250;175;9.848;7.583;2.265;
589;1000;622;39.319;27.777;11.542250;149;8.553;5.807;2.746;250;160;10.78;7.661;3.119;250;142;9.28;5.925;3.355;250;171;10.706;8.384;2.322;
590;1000;671;50.472;33.7;16.772250;164;13.584;9.497;4.087;250;160;12.447;7.4;5.047;250;165;12.731;8.36;4.371;250;182;11.71;8.443;3.267;
591;992;617;40.965;29.766;11.199250;156;12.571;9.209;3.362;242;137;9.305;6.567;2.738;250;148;8.992;6.151;2.841;250;176;10.097;7.839;2.258;
592;998;617;35.276;24.67;10.606250;153;7.707;4.94;2.767;248;129;7.562;5.41;2.152;250;152;8.935;6.374;2.561;250;183;11.072;7.946;3.126;
593;992;639;33.672;23.906;9.766250;164;8.982;5.957;3.025;242;128;8.014;5.79;2.224;250;154;9.234;6.971;2.263;250;193;7.442;5.188;2.254;
594;1000;628;59.907;42.295;17.612250;161;13.322;8.653;4.669;250;123;14.969;10.493;4.476;250;153;16.073;12.054;4.019;250;191;15.543;11.095;4.448;
595;996;633;33.585;24.336;9.249250;170;7.718;5.455;2.263;246;128;8.516;6.19;2.326;250;155;7.328;5.135;2.193;250;180;10.023;7.556;2.467;
596;1000;622;57.357;41.34;16.017250;166;16.177;10.701;5.476;250;126;12.097;8.83;3.267;250;149;15.427;11.232;4.195;250;181;13.656;10.577;3.079;
597;1000;651;36.647;25.596;11.051250;177;7.922;5.557;2.365;250;140;8.01;5.492;2.518;250;149;10.268;7.402;2.866;250;185;10.447;7.145;3.302;
598;1000;639;37.511;27.008;10.503250;175;8.372;5.868;2.504;250;127;9.008;5.964;3.044;250;156;8.757;6.47;2.287;250;181;11.374;8.706;2.668;
